driverId,name,ssn,location,certified,wage-plan
10,Robert Silva,271-64-6279,"1102 Glover Garden Suite 883
Smithport, MT 18779",N,hours
11,Eric Ortega,523-24-1443,"75046 Lauren Gateway
Williamview, NM 32472",Y,miles
12,Lori Williams,463-51-8845,"6737 Thomas Turnpike
South Danielfort, DC 02322",N,miles
13,David Wright,245-70-4329,"PSC 4153, Box 3413
APO AE 06648",N,hours
14,Danielle Nolan,183-13-6693,"5029 George Forks Suite 462
Johnmouth, AS 17076",Y,hours
15,Gary Thomas,421-07-4264,"359 Fleming Park Suite 208
Jonathanland, NV 70915",Y,hours
16,Justin Cuevas,706-23-0874,"20916 Sean Pike Suite 501
Delgadoberg, WI 97870",Y,miles
17,Marcus Nguyen,763-58-8079,"2981 Brittany Locks
Hillchester, KY 91595",N,hours
18,Terry Medina,688-59-1091,"PSC 5856, Box 7630
APO AE 62874",Y,miles
19,Olivia White,221-06-9764,"PSC 9332, Box 1346
APO AP 58260",N,miles
20,Elizabeth Stuart,542-90-4747,"4713 Joseph Ridges Apt. 135
Cochranfurt, TX 98054",Y,hours
21,Mark Ryan,895-29-1068,"887 Amanda Locks Apt. 895
North John, CO 38154",N,miles
22,Jacob Rivera MD,214-99-6048,"PSC 7781, Box 4824
APO AA 13620",N,hours
23,Richard Smith,065-63-0743,"127 Anderson Gateway Apt. 234
Ramosburgh, MA 99817",N,miles
24,Dwayne Mccullough,853-11-2695,"659 Fields Ridge
Danielchester, MS 62530",N,hours
25,Matthew Ramirez,734-41-5331,"3304 Catherine Spring
Campbellberg, KS 00952",N,miles
26,David Fleming,059-90-2054,"3234 Blackburn Point Suite 429
North Katherine, KS 20203",N,miles
27,Cynthia Wells,652-13-9065,"840 Gary Stravenue
Port Marcusburgh, NJ 98726",Y,hours
28,David Bowman,877-90-2527,"792 Michelle Centers Apt. 310
Jamesland, KY 93013",Y,miles
29,Edward Douglas,542-13-4566,"395 Lynch Gardens Suite 722
Port Shawnborough, NH 02778",N,hours
30,George Scott,366-42-3286,"9571 Monroe Vista Apt. 371
East Ashley, AK 00550",Y,hours
31,Kathleen Smith,695-01-0513,"Unit 2234 Box 0717
DPO AP 64335",N,miles
32,Kathryn Lewis,405-55-5191,"480 Olson Islands Suite 749
Alvarezborough, KY 05937",N,hours
33,Mark Cobb,233-50-0256,"4801 Green Divide
Nortonfurt, WY 43225",Y,miles
34,Stuart Maldonado,425-26-7530,"211 Phillips Throughway Suite 986
East Jasmineside, PA 87689",Y,hours
35,Jonathan Phillips,896-10-8248,"5300 Angela Via Suite 098
West Katherinefort, MI 13601",Y,hours
36,Misty Hicks,728-36-4818,"82130 Brian Lodge
East Suzanneville, MA 93837",N,hours
37,Eric Clayton,775-30-5942,"Unit 6492 Box 8164
DPO AP 29612",Y,miles
38,Jeffrey Thomas,230-44-1636,"90644 Walter Crest
West Elijahland, WA 17551",Y,hours
39,David Mathis,429-91-8931,"9472 Reyes Path
East Nicholas, FM 61268",N,hours
40,Lisa Ortiz,487-20-1525,"521 Jeffrey Garden Apt. 981
Harrisburgh, SC 89605",Y,hours
41,Dr. Robert King DVM,566-45-4248,"56806 Moore Cliffs Suite 919
Katiefurt, TN 04513",Y,miles
42,Russell Neal,756-87-4503,"052 Perez Bridge Suite 764
South Bradleyton, PA 10954",N,miles
43,Marcia Campbell,847-71-3422,"37901 Fuller Village Apt. 404
Lake Jacktown, HI 26877",N,hours
44,Erin Garcia,538-91-0976,"2859 Donna Rest
Ruizmouth, PW 87671",Y,hours
45,Ryan Richardson,511-92-4751,"73092 Gordon Walk Apt. 992
Toddfurt, AZ 94641",Y,miles
46,Thomas Carpenter,138-90-7364,"4637 Dalton Court Suite 408
New David, WA 66536",Y,hours
47,David Pittman,777-85-7032,"693 Johnson Dale
Lake Brian, KS 13113",Y,miles
48,Cole Dunlap,481-36-8758,"01852 Lisa Passage
South Nicoleberg, IN 11021",N,hours
49,Chad Richardson,724-10-4406,"USNS Elliott
FPO AP 93558",N,miles
50,Gary Bryant,415-19-1357,"51908 Shelby Fork Suite 917
Carolineside, SD 96745",Y,hours
51,Eric Vazquez,008-75-7318,"24198 Rachel Loop
New Maria, VI 05830",N,hours
52,Gary Lopez,562-74-9646,"00777 Williams Port Suite 134
West Valerie, FM 28265",Y,miles
53,Ryan Holden,105-48-7588,"476 Jessica Via Apt. 284
Gailview, VT 47551",N,miles
54,Teresa Hines,140-82-4334,"9311 Davis Summit
Mooreborough, MD 04303",N,hours
55,Corey Huffman,887-16-1989,"Unit 5902 Box 1801
DPO AE 27580",N,hours
56,Elizabeth Bauer,449-39-4366,"91872 Ronnie Radial Apt. 384
Charlottehaven, MA 17961",Y,hours
57,Lisa Barber,145-47-7914,"84902 Hogan Haven Apt. 992
New Amanda, IN 88546",Y,hours
58,Michelle Cook,704-80-7337,"7477 Shaw Groves
East Christianmouth, LA 75938",N,miles
59,Steven Pittman,475-12-7647,"57725 Nunez Viaduct
Port Jasonmouth, ND 59465",Y,hours
60,Mary Cummings,430-87-2235,"82740 Rowe Union Apt. 659
Annshire, ID 37990",N,hours
61,Carolyn Chang,563-66-1612,"8476 Dalton Summit Suite 085
South Brendashire, PR 22370",N,miles
62,James Graham,140-64-2025,"91208 Nash Dale
Lake Deniseborough, VA 04913",N,miles
63,Richard Munoz,540-69-6688,"518 Michael Points
Obrienmouth, AS 53617",N,hours
64,Jacob Leblanc,578-96-6075,"223 Oliver Harbors Suite 935
Brenthaven, TN 42982",N,miles
65,Erica Thompson,791-86-2890,"26814 Taylor Trace
Tinaview, SC 18395",Y,miles
66,Isaiah Gonzalez,532-37-2134,"57773 Kim Trace
Olsenfort, AR 20777",Y,miles
67,Amy Murphy,189-22-2168,"381 Stephen Glen
Angelicaton, OR 38872",Y,miles
68,Zachary Sanders,861-31-4527,"104 Keller Circles
East Kendra, AR 83800",N,hours
69,Christopher Jordan,248-99-1614,"806 Megan Street
North Alejandroborough, PR 67672",N,miles
70,David Morris,195-24-4058,"18076 Aaron Ferry
New Williamfurt, ND 66165",Y,hours
71,Jaime Graham,377-32-8196,"9865 Morris Shores Suite 669
Ericstad, DE 74045",Y,hours
72,Michael Fisher,194-22-3148,"1779 Henderson Hills
New Courtney, CO 42798",N,hours
73,Jerry Martin,870-34-6684,"0611 Herbert Dale
Port Scottville, IN 53523",Y,miles
74,Walter Peterson,679-38-1241,"949 Samantha Turnpike Apt. 938
Alexanderhaven, PW 94241",Y,hours
75,Steven Young,505-26-5305,"654 Anna Landing Apt. 418
Susanview, MI 03384",Y,hours
76,Kevin Jefferson,609-10-8041,"1811 Patton Wall Apt. 438
Gordonport, RI 33529",Y,miles
77,Lori Mayer,539-23-6266,"96769 Valerie Valleys Apt. 395
Markland, MD 24483",N,miles
78,Ryan Frank,106-22-4785,"90902 Tracey Villages
Mendozaview, NE 23555",Y,hours
79,Mark Hicks,829-22-5161,"5476 Joshua Shoals Suite 780
North Elizabethfort, MS 45886",N,hours
80,Elizabeth Hill,491-34-8483,"7239 Lopez Inlet
West Michaelberg, SD 34996",Y,miles
81,Evelyn Morrison,499-22-5240,"632 Byrd Square
Hermanburgh, WV 02768",N,miles
82,Connie Roberts,447-18-5116,"91976 James Junction
West Michelle, IL 84683",Y,hours
83,Daniel Gill,859-81-1381,"82760 Jerome Villages Apt. 390
Lake Kevinville, PA 75348",N,hours
84,Carla Tran,423-21-5872,"6924 Daniel Trail
Ryanstad, DC 64860",N,miles
85,Kylie Sanchez,235-54-3491,"3647 Joshua Loop
Mitchellborough, KS 64764",Y,miles
86,Beth Scott,613-87-7552,"517 Hunter Creek Suite 834
Port Terryton, CT 31081",N,hours
87,Michael Scott,457-24-8014,"5693 Samantha Pike
North Carla, WA 76832",N,hours
88,Kenneth Shaw,884-22-9803,"83485 Williams Mall Suite 521
Jeffreytown, PR 74654",N,miles
89,Matthew Smith,356-07-9437,"89521 Bailey Points Suite 906
Port Thomas, MS 10902",N,miles
90,Phillip Butler,077-63-9268,"419 Lisa Courts Apt. 991
East Joe, CO 61506",N,miles
91,Russell Santos,440-06-7903,"25586 Horton Burg Apt. 650
West Phillip, PA 53415",N,hours
92,Nathan Aguilar,739-13-1565,"688 Roberts Springs Apt. 608
North Gabriellechester, NC 52842",Y,hours
93,Amber Young,094-52-5302,"PSC 4671, Box 2527
APO AA 70112",N,hours
94,Roy Lopez,332-69-3902,"69406 Andrew Place
South Brooke, MO 44022",N,hours
95,Scott Miller,226-54-8339,"5525 May Locks
East Lukebury, KS 52866",N,miles
96,Adam Lopez,021-77-3185,"519 Latoya Junctions
Michellebury, MD 15846",N,hours
97,Lori Powell,263-42-3202,"197 Tara Village Suite 481
West Julie, MA 42282",Y,hours
98,Krystal Patton,105-35-8941,"28945 Gomez Views
Arthurton, WV 02963",N,hours
99,Ryan Shaw,436-66-5442,"9626 Jensen Islands
Lucasview, CT 35326",Y,hours
100,Denise Mann,310-49-1704,"866 Thompson Throughway Apt. 608
Laurietown, MO 64452",Y,miles
101,Terri Lewis,118-31-8152,"538 Craig Center
Santanafurt, NV 55132",N,hours
102,Amy Reed,824-48-9619,"USNS Mcgee
FPO AA 22588",Y,miles
103,Adam Dunn,876-88-7549,"24760 Carol Dam Suite 079
Whitefurt, SC 96149",Y,hours
104,Doris Adams,803-77-8248,"51318 Charles Circle
West James, NE 23398",Y,miles
105,Andrew Case,292-29-8790,"6212 Mcclure Throughway Suite 936
Jamesshire, MN 60648",N,miles
106,Joseph Ferguson,811-59-6030,"PSC 3095, Box 3411
APO AP 21717",N,miles
107,Christine Smith,830-59-3087,"08272 Mallory Villages
North Amandafort, MT 37505",Y,hours
108,Joshua Lozano,840-31-6414,"059 Torres Overpass
Robertview, FL 33415",Y,miles
109,Valerie Snyder MD,128-86-8219,"4353 Henry Valley Apt. 923
South Laura, OK 08265",Y,miles
110,Michelle Cox,382-36-3611,"881 Jeremy Wells Apt. 725
Leechester, CO 34625",N,miles
111,Megan Hicks,675-42-0167,"69825 Crystal Motorway Suite 699
North Benjaminport, OH 85856",N,hours
112,Elizabeth Wilkerson,330-08-5656,"PSC 8950, Box 8195
APO AP 62318",Y,miles
113,Alexandra Miller,872-75-1093,"17026 Hansen Highway
North Darrellberg, TX 81955",N,hours
114,Chelsea Perry,860-64-4308,"1282 Jordan Islands
North Nicholasberg, AZ 25273",Y,hours
115,John Wilson,231-08-2629,"352 Michelle Extensions Apt. 424
New Lindaside, WY 02012",Y,hours
116,Benjamin Thomas,858-69-7068,"224 Clark Land Apt. 934
Lovemouth, AZ 90986",Y,hours
117,Samuel Ballard,887-46-9025,"2818 Michelle Plaza Apt. 832
North Shannonberg, NM 21011",N,miles
118,Mackenzie Martin,288-40-3615,"199 Amber Rapids
East Julie, KY 03385",N,miles
119,Wendy Lambert,538-44-2047,"Unit 7822 Box 0108
DPO AE 27875",N,hours
120,Melissa Price,508-96-2522,"210 Kimberly Camp Apt. 103
South Madisonhaven, OK 87863",N,miles
121,John Jenkins,553-51-5918,"359 Lisa Circle Apt. 301
South Jenniferbury, MI 44808",Y,hours
122,Eric Gilbert,583-63-9475,"8581 Kyle Junction
Elizabethmouth, KY 89555",N,hours
123,John Payne,216-47-4702,"1011 Morgan Isle Apt. 762
Nicholasbury, AS 13632",Y,miles
124,Janet Campbell,429-18-5618,"428 Butler Canyon Suite 879
Garciaport, IL 58017",Y,miles
125,Benjamin Brown,073-23-5532,"07839 Henderson Crescent Suite 827
New Kellyport, TX 69354",N,miles
126,Brittney Johnson,240-42-8167,"73956 Dustin Manor
Ashleybury, VA 28985",N,hours
127,Heather Davis,339-32-7035,"18139 Ronald Curve Apt. 961
Nguyenshire, PW 95292",N,hours
128,Andrew Jones,709-54-7252,"3675 Mcguire Parks Apt. 758
North Brent, ND 78022",N,hours
129,Lisa Petersen,074-43-3700,"8872 Kara Tunnel
Haleberg, RI 15136",Y,miles
130,Brandon Vargas,225-14-7197,"70433 Williams Loop Suite 001
Gilbertville, MA 05728",N,hours
131,William Dougherty MD,207-11-2775,"167 Scott Groves Suite 244
Lopezmouth, DC 33364",Y,hours
132,Stephanie Coffey DDS,751-56-6795,"7523 Ochoa Mills Suite 746
Samanthahaven, ME 36244",Y,miles
133,Michael Jones,588-08-5852,"1081 Mendoza Spring
Robertsside, IA 87710",N,miles
134,Tammy Romero,250-75-3182,"007 Daniels Locks Suite 471
Tylerhaven, FL 26016",N,miles
135,Charles Chapman,027-08-9183,"005 Alexa Divide Suite 508
West Vincentchester, AL 98378",N,hours
136,Samantha Frazier,456-73-1354,"1026 Williams Greens
Raymondtown, VI 64721",N,hours
137,Spencer Young,034-13-3052,"271 Steve Ridges
Schaefermouth, MT 74927",Y,miles
138,Paul Floyd,145-99-3646,"7404 Jorge Flats Suite 254
Kempview, VT 25373",Y,hours
139,Ronald Rivas,447-60-8300,"3266 Gates Port
Lake Robertton, SC 60197",Y,hours
140,Christopher Nicholson,610-38-5814,"44243 Curtis Estates
West David, WA 24704",N,hours
141,Bryan Moran,741-50-6787,"09327 Jenkins Pass Suite 595
Ellischester, DE 16756",N,hours
142,Shannon Lynch,211-21-5470,"3675 Wright View Suite 997
Briantown, AL 22505",N,miles
143,Patrick Johnson,877-56-0151,"22209 Torres Common Suite 362
New David, OH 05214",Y,hours
144,Brandi Martinez,370-04-0930,"784 Michael Falls
West Jamesburgh, MN 23115",N,hours
145,Tara Castaneda,549-68-9073,"5739 Thomas Drives Suite 507
Lake Jamesmouth, OK 25676",N,miles
146,Rebecca Freeman,752-34-6295,"1037 Rhonda Islands
Josemouth, GU 01167",N,hours
147,Michael Simpson,451-61-9272,"31129 Rice Rue
Laurenburgh, VI 41102",N,hours
148,Andrea Gomez,527-24-4777,"Unit 0089 Box 7405
DPO AP 09641",Y,hours
149,Katherine Greene,690-18-2371,"55469 Tiffany Gateway
Bergermouth, OK 87280",N,hours
150,Angela Heath,273-32-3360,"4336 Richard Brooks Apt. 188
Port Bruce, SD 14288",Y,miles
151,Matthew Delgado,266-06-3621,"Unit 8342 Box 1459
DPO AP 04694",Y,miles
152,James James,133-05-2076,"821 Ashley Lodge Suite 699
Gordonshire, HI 24319",N,miles
153,Shannon Conway,302-08-5016,"833 Jennifer Creek
Brownview, NE 51765",N,hours
154,Sarah Suarez,312-36-3320,"46422 Barnett Ridges
Leeton, NE 83300",N,miles
155,Shane Martin,800-74-5526,"7179 Morrow Fort
West Christopherhaven, ID 94258",Y,hours
156,Katherine Myers,528-15-3018,"413 Marco Skyway
Patriciaton, NV 66638",Y,miles
157,Christopher Turner,198-51-3583,"Unit 2273 Box 9441
DPO AE 64411",Y,miles
158,Victoria Bishop,012-71-9421,"39343 William Point Apt. 446
East Troyport, NC 29786",Y,miles
159,Nicholas Leonard,196-77-7702,"6173 Carlos Spur
New Crystalland, TN 18636",N,hours
160,Daniel Cannon,888-36-5511,"PSC 8847, Box 0076
APO AP 73687",N,hours
161,Amanda Wright,319-24-3601,"620 Miller Extension
Browningshire, TX 20585",Y,hours
162,Darren Hall,871-16-0776,"456 Brenda Circle Suite 122
North Kevin, FL 96281",N,miles
163,Vanessa Mcknight,380-59-6924,"9958 Jones Lock Apt. 742
Brianborough, ME 73402",N,miles
164,Robert James,332-97-8576,"5265 Dunn Flat
North Scott, WY 44253",Y,hours
165,Charles Garcia,880-97-7990,"598 Wolf Fords Suite 870
Floresborough, MI 16465",N,miles
166,Carlos Pruitt II,384-47-5992,"056 Taylor Freeway Suite 161
Snowshire, SD 70359",Y,miles
167,Angela Watson,093-62-8182,"12305 Chad Points Apt. 517
Troystad, FL 99615",Y,hours
168,Amy Mccullough,176-14-1021,"Unit 5153 Box 3341
DPO AE 06251",Y,miles
169,Kelly Flowers,457-37-4297,"USCGC Romero
FPO AA 71319",N,miles
170,John Garcia,474-46-3293,"0093 Richard Crossing
East Daniel, NV 29265",Y,hours
171,Autumn Allison,866-50-3080,"191 Laura Islands Apt. 103
West Davidstad, PW 32325",Y,hours
172,Laura Benton,181-61-1668,"3111 Fox Brooks Suite 006
East Sarahberg, CA 60134",Y,hours
173,Tammy Davis,368-56-0599,"55064 Maxwell Brook
Lake Sheryl, DC 66008",N,miles
174,Melissa Gilbert,693-21-6108,"4991 Hunt Landing
Marioberg, MA 31242",Y,hours
175,Kelly Mooney,545-90-9526,"246 Fernandez Stream
Tamaramouth, FM 03007",N,hours
176,Sara Lewis,587-45-8360,"098 Jimenez Groves Suite 988
Port Samuel, MO 29581",Y,hours
177,Curtis Norris,706-75-2953,"USNS Graves
FPO AA 72001",N,miles
178,Brianna Thompson,733-61-2690,"89407 William Tunnel
Diazmouth, NY 26604",Y,miles
179,Mary Long,669-20-1307,"3332 Coleman Row Apt. 869
Port Anthony, MP 97562",Y,miles
180,Willie James,387-12-7977,"03392 Deleon Parkways Apt. 755
New Laurie, MT 80127",N,hours
181,Steven Berry,147-61-2191,"27544 Jessica Estates Apt. 582
New Coryview, IN 39105",N,miles
182,Stephanie King,259-41-2580,"3661 Santos Radial Apt. 697
North Derektown, MS 98245",N,miles
183,Christopher Oconnor,215-65-7619,"125 Mark Junctions Apt. 645
Lake Johnfort, WY 07424",N,hours
184,Cody Velasquez,687-52-6731,"44747 Gilmore Crest Suite 098
West Jonathan, DC 21543",Y,hours
185,William Robinson,759-97-2287,"87145 Townsend Falls Apt. 646
East Danielburgh, AL 58008",Y,miles
186,Richard Pace,639-17-7703,"56312 Rodriguez Prairie Apt. 509
New Matthewberg, FM 10845",N,hours
187,Keith Harper,690-21-7902,"7709 Matthew Square
North Amymouth, ME 18167",Y,hours
188,Adam Ryan,093-41-1497,"3341 Katie Hills
Briannashire, VA 11636",N,hours
189,Dylan Coleman,784-34-4291,"30972 Ferguson Underpass Suite 706
North Chadton, MA 28986",Y,hours
190,Jeremy Bradley,793-83-3206,"363 Richard Mill
East Craighaven, MT 86921",N,hours
191,Edward Miles,603-28-4169,"17078 Diana Trace Apt. 589
North Cassandraborough, NC 59331",N,hours
192,Amanda Gonzalez,428-58-3922,"5870 Ramsey Ferry
Port Maryville, ID 83626",Y,hours
193,Patricia Hayes,755-84-5974,"63301 Justin Lane Suite 883
Port Keith, VT 70699",Y,miles
194,John Nichols,132-09-7572,"443 Rachel Spring Apt. 817
Richardborough, DC 81398",N,hours
195,Dr. Michaela White,232-27-5096,"PSC 8573, Box 0437
APO AP 08087",Y,miles
196,Joanna Tran,161-87-5729,"58934 Brittany Spurs Suite 761
Timothyshire, PA 02016",N,hours
197,Jared Washington,809-27-8499,"6023 Benjamin Villages
East Robert, MO 98122",Y,miles
198,Madison Arnold,668-17-8437,"38713 Kyle Haven Apt. 661
Franklinborough, MD 85491",Y,miles
199,Gary Turner,564-97-3508,"USNV Garza
FPO AA 12935",Y,hours
200,David Reilly,160-49-7430,"549 Mitchell Freeway Apt. 017
Ashleymouth, SD 18344",Y,hours
201,William Cobb,591-49-3971,"941 Eric Pines
Meganfort, NJ 83530",Y,hours
202,Jessica Murphy,711-68-5924,"489 Austin Track
New Michelle, DC 75782",Y,hours
203,Justin Rodgers,356-57-4861,"487 Kenneth Square Suite 948
New Nathan, AZ 83204",Y,miles
204,Matthew Black,595-04-6860,"2649 Cunningham Highway Apt. 313
New Billyberg, CA 54873",N,hours
205,Juan French,177-87-4922,"Unit 0455 Box 3540
DPO AE 14685",Y,miles
206,Sarah Davis,754-75-7325,"24551 Jessica Light
Rachelton, WY 70810",Y,hours
207,Mark Dean,296-98-2251,"538 Laura Village Apt. 213
West Meganburgh, MS 02333",N,hours
208,Harry Casey,006-80-7622,"1879 Mcgee Crossing Apt. 794
East Danielle, GU 67840",Y,hours
209,Carolyn Hunter,616-21-8237,"914 Lisa Dale Apt. 801
South Ianbury, GU 10277",N,hours
210,Aaron Coleman,485-10-8277,"950 Thomas Walk Suite 674
Jennifermouth, PA 07346",N,hours
211,Jesus Bryan,873-59-4191,"0623 Golden Squares
Hicksbury, AL 25760",Y,miles
212,Miss Stephanie Dillon,184-97-8560,"8606 Burns Lock
Newtonview, MO 43153",N,miles
213,Matthew Foster,537-07-5410,"17964 Ellis Mill
Williamsfort, WI 30457",Y,miles
214,Casey Powell,043-23-9504,"2135 Barajas Hill
Sandyfurt, NC 71231",N,miles
215,Julie Gray,848-83-5033,"Unit 4001 Box 7433
DPO AE 32693",N,miles
216,Courtney Scott,413-53-0560,"PSC 5300, Box 3175
APO AP 43022",Y,hours
217,Justin Ramirez,770-70-0672,"71394 Regina Villages
East Michaelborough, WV 23165",Y,miles
218,Shelly Taylor,783-63-6513,"61143 David Pine Suite 704
Nicoleport, IL 36894",N,miles
219,Curtis Duncan,146-68-3848,"8156 Williams Neck Suite 316
Sloanmouth, AL 25849",N,miles
220,Tammie Taylor,285-87-1373,"151 Brown Passage Suite 052
Lake James, RI 37162",Y,hours
221,Diamond Yoder,660-27-7631,"12967 John Trafficway Suite 776
North Jeffreyside, NM 71699",Y,hours
222,Jessica Friedman,875-80-8908,"768 Burns Brooks Suite 989
Port Karinafort, OR 20025",N,hours
223,Sarah Pierce,315-03-6649,"76966 Amy Expressway
Martinbury, OR 95232",Y,hours
224,Melanie Moore,674-24-3550,"3681 Patrick Green
Richardmouth, NM 60864",Y,miles
225,Andrea Johnson,333-59-8454,"3924 David Cliff
Wilsonshire, GA 48920",Y,hours
226,Denise Kennedy,392-70-2367,"9811 Clark Rapid Apt. 688
Lake Ethan, OH 63889",Y,hours
227,Heather Hernandez,037-46-9034,"2930 Brandon Hollow Suite 526
North Christy, ME 25158",N,miles
228,Christopher Fox,582-46-7293,"USS Gordon
FPO AP 97655",N,miles
229,Antonio Anderson,104-24-1253,"617 Avila Place Apt. 557
South Joshua, OR 99622",Y,miles
230,Christine Simmons,567-03-8926,"86842 Reeves Extension
Lamberttown, RI 83780",N,miles
231,Elizabeth Sanchez,189-94-6036,"68339 Jessica Fields Apt. 505
Port Shawnborough, OR 81783",N,hours
232,Steven Wong,474-16-8026,"55360 Baker Corner Apt. 929
New Stephenville, GU 29874",N,hours
233,Tracy Benson,579-46-5857,"84721 Walters Shores
Gibsonberg, TN 11648",Y,miles
234,Michael Jones,219-01-8860,"241 Sarah Manor
Franklinstad, SD 54967",Y,hours
235,Joshua Crawford,002-10-2428,"827 Holly Point
Riverafort, IA 41103",Y,miles
236,Cody Harris,433-74-3446,"179 Joseph Gardens Apt. 817
Larsonhaven, NJ 15792",N,hours
237,Leslie Bowman,635-36-6985,"0540 Thomas Light
North John, UT 87036",N,hours
238,Emily Mcdonald,475-07-9617,"712 Adam Shores Suite 946
Julieberg, WA 62672",N,miles
239,Sara Stanley,478-50-1217,"78763 Wagner Rest Apt. 982
Port Paula, NY 46207",Y,miles
240,Kristy Newton,347-40-5613,"64941 Craig Via Suite 851
South David, KS 03655",N,miles
241,David Williams,523-92-5085,"93836 Anthony Tunnel Apt. 626
Port Joel, MO 81794",Y,hours
242,Joanna Stone,400-29-7227,"25118 Robert Hollow Suite 287
Riosberg, IN 68661",N,miles
243,Chloe Torres,741-17-0284,"677 Jason Drive
New Matthewfort, MO 65586",N,hours
244,Kaitlin Nelson,525-84-4973,"79663 John Run
South Michael, IA 92185",Y,miles
245,Julie Powell,111-99-3712,"60412 Kaiser Drive Suite 645
South Heatherhaven, OK 06133",N,hours
246,Julia Davis,697-48-5848,"831 Emily Circles
Jasonport, TN 73211",N,hours
247,Elaine Gilbert,383-93-0438,"8534 Conway Mountain Apt. 686
Patrickshire, OH 91387",N,miles
248,Michael Wong,088-02-3446,"892 Henry Brook Suite 963
Amyland, LA 24977",Y,miles
249,Samuel Jones,425-56-4226,"795 Campbell View
Berryview, OK 22185",Y,hours
250,Amy Jackson,158-43-4048,"66204 Miller Forks Suite 115
Leeland, PW 17691",Y,miles
251,Mary Rowe,559-54-6433,"5199 Parker Heights
New Barbara, IA 43263",N,hours
252,Lawrence Porter,245-31-6557,"51434 Elliott Manor
Port Jenniferport, VT 16931",N,miles
253,Brooke Miller,625-06-7714,"934 Stewart Locks
East Katie, MS 19457",N,hours
254,Ashley Brennan,332-85-2087,"29745 Jessica Points
South Heather, SD 87281",Y,hours
255,Meagan Wilson,734-90-8280,"12222 Erin Brooks
Wendyshire, WY 89414",Y,miles
256,Caitlin Waller,161-56-0942,"574 Gibson Junction Apt. 542
Stephanieborough, NH 31100",Y,hours
257,Kristin Wells,381-35-2871,"752 Jasmine Mountain
South John, MT 03154",N,miles
258,Amy Oliver,158-09-9854,"61352 Kimberly Run Apt. 099
Port Shawn, RI 81348",N,hours
259,Ashley Davidson,667-84-8477,"21560 Berry Mountains Apt. 707
West Gary, VI 84371",Y,hours
260,Casey Burns DVM,085-92-1097,"542 Michael Islands
New Suzanneview, NV 15049",Y,miles
261,Regina Davies,616-68-4016,"199 Samuel Gardens Suite 080
Campbellmouth, MH 59152",N,miles
262,Micheal Valentine II,790-39-1428,"396 Miller Mission
Michaelchester, IL 30640",N,hours
263,Robert Meyer,157-54-9917,"805 Katie Alley
Mileshaven, VA 81243",N,miles
264,Holly Vasquez,483-82-1178,"451 Smith Drive
North Robinchester, PR 23689",Y,hours
265,Micheal Murillo,022-08-0365,"96488 William Landing
Shermanchester, MH 37312",Y,hours
266,Christopher Smith,013-37-3771,"749 Elizabeth Highway
North Lisa, SD 30931",Y,miles
267,Danny Snyder,072-29-2484,"71178 Patel Fort Suite 121
Johnnyton, HI 63690",N,miles
268,Mary Pineda,869-77-1041,"5593 Christopher Harbor
Jonathanland, MS 58177",Y,miles
269,Carmen Moore,512-27-7690,"910 Hinton Grove
Port Michaelfort, KY 89841",N,hours
270,Brandon Russell,372-21-6535,"80711 Sanchez Pass Apt. 194
North Alexandraborough, UT 71681",Y,hours
271,Michael Chandler,863-08-0832,"82924 Clay Views Apt. 926
Mcintyreton, TX 39688",N,miles
272,Kelly Mason,837-67-3201,"295 Roberta Camp
Clarkehaven, SD 47013",N,hours
273,Frank Gross,756-64-5277,"13263 Nicole Lights Suite 693
West Kathy, MH 06886",Y,miles
274,Timothy Velazquez,100-25-8738,"841 Micheal Villages Suite 706
Crystalview, MD 73996",Y,hours
275,Francisco Williams,231-30-1647,"6778 Jackson Islands Apt. 898
Underwoodhaven, WY 56164",N,hours
276,Theresa Vincent,063-93-3279,"7667 Robin Fords
Stacyview, OH 00833",Y,hours
277,Michele Summers,384-73-1763,"33913 Hawkins Dale
Lake Carolbury, PW 69936",N,miles
278,Barbara Wilson,424-39-8123,"000 Richardson Place
East April, PA 09695",Y,hours
279,George Martinez,269-64-3509,"9830 Eugene Club
Stanleyshire, MP 98221",Y,miles
280,Megan Ho,354-49-6329,"0054 Jack Meadows
Wrightville, WY 04270",N,miles
281,Bryan Garcia,067-45-6450,"6309 Henson Lodge
Scottborough, CT 74547",N,hours
282,Manuel Lambert,206-71-7755,"83794 Curtis Mission Apt. 541
South Haleystad, NC 40713",Y,miles
283,Rachel Espinoza DDS,203-03-2642,"6701 Susan Summit
Jacksonview, GA 19787",N,miles
284,Rebecca Davis,186-73-7357,"994 Karen Ways Apt. 986
East Sandrashire, VA 44257",N,hours
285,Steven Hernandez,291-57-9552,"06139 Price Cliff
Lake Rachelmouth, SD 57484",Y,miles
286,Randy Maldonado,779-67-6399,"9120 Paul Walks
Port Amber, NV 73954",Y,miles
287,Monica Lowery,584-60-6457,"3734 Adrian Motorway
Port Joshua, RI 18130",Y,miles
288,Patricia Bell,020-36-2666,"27143 Ronald Landing
Lake James, NH 59788",N,miles
289,Jessica Larson,024-37-8235,"82319 Lam Stream Suite 232
Port James, ID 50577",N,miles
290,Amanda Conner,386-41-5713,"1791 Lewis Fort Apt. 888
Orozcoton, PW 37497",N,miles
291,Chad Davis,683-71-1965,"6739 Rachel Highway Suite 614
Mirandatown, GU 06008",N,miles
292,Eric Perkins,252-70-2557,"19969 Baker Hollow Apt. 807
Powellfort, MS 81694",N,hours
293,Renee Williams,882-73-5681,"90041 Beasley Ports
Rodriguezborough, PW 74084",N,hours
294,Thomas Anderson MD,259-31-1420,"PSC 0542, Box 6539
APO AP 96749",Y,hours
295,William Hill,473-47-0467,"94410 Patrick Knoll Apt. 382
West Lauren, MA 41739",Y,hours
296,Heather Castro,490-44-4484,"86639 Hughes Path Apt. 300
Port Lindsayside, MA 97409",N,hours
297,Melinda Cruz,315-99-5891,"3454 Cooper Crescent
Rodriguezville, ND 32968",N,miles
298,Manuel Wallace,474-50-0074,"USCGC Perez
FPO AP 85466",Y,miles
299,Tiffany Martin,025-38-9350,"770 Johnson Point
South Elizabeth, WA 10006",Y,miles
300,Christina White,594-69-3799,"4123 Hicks Hills Apt. 169
East Michelleshire, OK 92568",N,hours
301,Thomas Booth,182-51-0072,"9830 Jessica Squares Suite 847
Ricetown, NE 73142",N,miles
302,Shawn Torres,198-01-4304,"04465 Bishop Way
Jessicaberg, IA 35757",Y,hours
303,Paula Knight,603-75-2497,"4313 Foster Glens Apt. 679
West Andrewshire, AS 06747",Y,hours
304,Heather Yang,496-44-4176,"733 Taylor Freeway Suite 982
West Cody, MA 85363",N,miles
305,Gregory Williams DDS,756-44-8237,"PSC 7075, Box 7469
APO AE 54649",Y,hours
306,Matthew Mccormick,521-81-8526,"8914 Long Parkways Apt. 892
Antonioland, FL 99729",N,miles
307,Daniel Martinez,260-85-6322,"Unit 2479 Box 2610
DPO AP 86621",N,hours
308,Laura Bishop,687-36-5343,"54666 Brenda Corner
Lake Whitney, CA 41762",Y,miles
309,Kathy Oneill,029-18-9278,"67469 Ware Course Apt. 612
South Edwinburgh, CO 32602",Y,hours
310,Matthew Delgado,616-74-7983,"1866 Gates Inlet
Lake Danielport, VT 29252",Y,miles
311,Charles Davis,686-26-0529,"Unit 3067 Box 2152
DPO AE 43350",Y,miles
312,James Fletcher,112-34-0466,"542 Stone Road Apt. 536
Averystad, MP 03698",N,miles
313,Sandra Wu,232-03-5562,"365 Cunningham Pass
South Jeffburgh, NY 82435",N,miles
314,Brandon Kirby,764-99-2610,"385 Alyssa Prairie
Lake Roytown, WY 24486",Y,hours
315,Michael Perry,368-17-5198,"523 Kayla Parkways Suite 713
Port Dawnland, FL 57073",N,hours
316,Toni Valencia,599-92-6564,"138 Dillon Glen
Donfurt, GA 93282",Y,hours
317,James Solis,580-57-6425,"76639 James Parkways
South Alexa, IA 16009",Y,miles
318,Omar Campbell,317-49-9694,"298 Anderson Valley
Meltonland, NH 48033",N,hours
319,Nathan Arias,216-72-3515,"0907 Steven Shoal Suite 600
Cooperland, FM 14853",Y,hours
320,Robert Ramos,240-41-6729,"744 Johnston Land Apt. 775
North Shariside, HI 97304",Y,miles
321,Veronica Strickland,069-37-3932,"22804 Juan Walk
South Deborahmouth, MP 41188",N,hours
322,Johnny Lynn,650-90-5645,"3940 Shannon Isle Apt. 702
North Harryshire, WI 61818",Y,miles
323,Jonathan Mcmillan,855-11-4562,"8035 Doyle Roads
South Rebeccatown, CA 90253",Y,miles
324,Victoria Wilson,231-73-0857,"71215 Susan Junction Suite 419
Lake Matthewmouth, KS 64731",N,miles
325,Michelle Hoover,270-37-7038,"Unit 9568 Box 4658
DPO AA 28176",Y,hours
326,Elijah Bryan,297-81-6210,"6104 Glenn Bypass Apt. 801
New Jermaine, MO 21184",Y,hours
327,Ariel Adams,720-85-3015,"449 Sandoval Mews
Stephanieland, AS 78807",Y,miles
328,Mark Carson,173-34-7009,"5451 Nancy Islands
East Robin, DE 87211",Y,miles
329,William Shah,719-20-3581,"20803 Little Creek
Annmouth, NH 92857",Y,hours
330,Veronica Osborn,138-96-1868,"39105 Brooks Crest
South Mary, MI 31403",Y,hours
331,Ryan Cook,299-35-0101,"2735 Thornton Avenue Suite 956
Christineport, SD 97621",Y,miles
332,Heather Chapman,772-55-1321,"49637 Cynthia Forge
Amyview, WA 81473",N,hours
333,Martin Morgan,533-58-0868,"409 Michael Summit Apt. 062
West Lisa, UT 61762",N,miles
334,Jeffery Wood,371-72-8799,"2158 Chambers Stravenue Suite 824
Lake Kevin, MD 92961",N,miles
335,Stephanie Miranda,180-37-2114,"2379 Jones Ports Apt. 803
North Kyle, TX 11153",Y,miles
336,Amy Orr,786-62-7468,"50936 Rogers Burgs
East Veronicabury, NE 72216",N,hours
337,Candace Walker,595-21-8044,"258 Matthew Bridge
West Danielmouth, MH 05202",N,miles
338,Brendan Lowe,898-77-1799,"0238 Taylor Key
South Chelseyton, NC 16059",Y,hours
339,Melanie Chen,190-77-6023,"794 Clarke Motorway
Lake Timothy, KY 41454",Y,miles
340,Kelly Lopez,222-62-2836,"7391 Paige Field
Schmidtchester, MH 53270",N,miles
341,Jonathan Fields,647-92-1944,"2606 Walton Ridge
Port Sarah, MA 66154",N,miles
342,Bradley Clark,595-80-0273,"7195 Harold Hills
Lake Jasonberg, CA 42257",N,hours
343,Karen Sullivan,053-76-7836,"PSC 5498, Box 6827
APO AE 99602",Y,miles
344,Christine Garcia,525-10-1285,"78773 Martinez Shoals
West Brendaport, KY 06360",N,miles
345,Sheryl Murphy,883-47-4539,"1332 Burgess Trace Apt. 694
Paulport, CA 25823",N,hours
346,Mrs. Kylie Rojas,476-70-3686,"8975 Ellis Trail Apt. 340
Lake Williammouth, VA 35993",N,miles
347,David Hughes,703-71-9054,"372 Schmitt Rest
Port Luisbury, FM 73405",N,hours
348,Martin Rivera,830-64-3036,"381 Elizabeth Isle
South Leviberg, MD 13064",Y,miles
349,Jaclyn Tran,362-52-7017,"840 Howell Fort Apt. 908
East Juan, WV 28755",Y,miles
350,Amanda Bradshaw,523-03-2787,"471 Calvin Plaza
Lindsayfurt, NJ 13979",Y,hours
351,Adam Wilson,810-32-1768,"0468 Montes Valleys Apt. 375
New Leslie, CO 73803",Y,miles
352,Evelyn Russell,236-13-8422,"7249 Barr Valleys Suite 377
Lake Andrew, FL 41643",N,miles
353,Karen Hart,743-58-4177,"8334 Garcia Passage
Melissamouth, MA 02423",N,hours
354,Joe Shepherd,624-83-7119,"61927 Powell Orchard
Connieburgh, KS 46551",N,hours
355,Stephen Garcia,557-42-0340,"099 Woods Track Suite 190
South Melissa, UT 61869",N,hours
356,Elizabeth Cox,310-21-3215,"0270 Nelson Unions
Sandraberg, NH 21884",N,miles
357,Nicole Wise,028-52-7419,"4749 Randall Locks Suite 586
West Juliebury, HI 99349",N,hours
358,Shawn Stephens,752-41-5342,"13270 Dylan Route
Davidtown, MN 99123",Y,miles
359,Melissa Anderson,361-64-3364,"440 Sloan Track
East Christian, NC 10379",Y,hours
360,Brittany Bennett,888-43-7021,"04354 Brewer Route Apt. 778
Port Jessica, TX 51676",N,miles
361,Christopher Miller,211-63-3179,"573 Herring Wells Suite 325
Williamville, MA 98925",N,miles
362,Ronald Velazquez II,324-34-8251,"2508 Zuniga Port
Campbellshire, NC 53234",N,miles
363,Tyler Lambert,029-39-4067,"9655 Davis Forest
Lake Antoniotown, PA 94439",Y,hours
364,Roberto Mccoy,667-66-3928,"87840 Matthew Center Apt. 392
Lake Larry, MO 80166",N,miles
365,Christina Morris,087-48-8821,"91193 Johnson Street Suite 843
Kaufmanburgh, VA 24934",Y,miles
366,Alejandro Oneill,583-55-7775,"Unit 6849 Box 9626
DPO AA 86112",N,hours
367,Hunter Griffith,507-19-5261,"2769 Perez Crossroad Suite 594
Jeremyfort, IA 32093",Y,hours
368,Joseph Thomas,618-60-6791,"852 Rebecca Curve Suite 526
New Donnaland, NJ 97364",Y,miles
369,Eric Pacheco,891-86-6642,"PSC 4024, Box 4785
APO AP 96786",N,miles
370,Mark Madden,741-58-3448,"26162 Tiffany Ports
Josephbury, CO 81716",Y,hours
371,Walter Powell,303-71-5194,"090 Santiago Loaf
New Ashley, MI 80271",N,hours
372,Jessica Moore,058-43-4838,"166 Bradley Throughway
New Louis, MI 39590",N,miles
373,Jacqueline Nielsen,468-50-3228,"05742 Tracey Pass Suite 154
Toddstad, AK 31980",N,hours
374,Kayla Gray,321-08-9120,"48760 Kelly Turnpike
New Jill, MI 64671",Y,hours
375,Dr. Nathaniel Williams,845-35-2276,"6546 Arthur Stravenue
North Deborahville, OK 25399",N,hours
376,David Hudson,255-44-2023,"115 Francisco Turnpike Apt. 855
New Sherry, NC 64851",N,miles
377,Amber Mckee,482-65-2834,"317 Anderson Locks
Craigside, IA 37127",Y,hours
378,Benjamin Smith,061-49-9330,"PSC 9808, Box 8342
APO AA 87776",Y,hours
379,Jennifer Meza,725-89-8818,"57348 Billy Locks Apt. 370
Cohenside, SD 66281",N,miles
380,Edwin Campbell,368-06-8472,"USCGC Caldwell
FPO AA 63784",N,hours
381,Angela Mathis,497-30-2390,"9825 Bishop Curve Suite 968
New Dalebury, KS 47219",Y,hours
382,Kelsey White,063-62-0804,"111 Patricia Springs Suite 386
Lake Eric, SC 26514",N,miles
383,Catherine Parks,343-84-4807,"83784 Bruce Spur Suite 223
Garciaside, RI 63042",N,hours
384,Tammy Mason,096-67-4476,"0345 Daniel Lodge Suite 746
Ryantown, FL 32534",Y,hours
385,Regina David,146-35-9975,"5737 Bennett Cove Apt. 991
Lake Austin, VA 66752",N,hours
386,Michael Ramirez,161-52-4851,"036 Derek Greens
West Michelle, OH 97194",N,hours
387,Courtney Martin,575-63-4815,"Unit 1918 Box 8090
DPO AA 82572",Y,hours
388,Victoria Williams,317-56-9202,"5685 Elizabeth Shoal Apt. 176
South Eric, DC 15790",N,miles
389,Anthony Trevino,792-17-9243,"365 Bowen Club
New Emily, FL 38761",Y,miles
390,Lindsay Williams,770-05-4538,"787 Tammy Lock
Lake Paulaview, OH 21373",Y,hours
391,Joseph Nguyen,872-49-4436,"0746 Smith Knolls
Port Leviville, DE 40868",Y,miles
392,Lynn Johnson,454-47-6367,"1872 Daniel Fords Apt. 769
West Ryan, DC 07712",Y,hours
393,Brandi Mathis,839-75-3929,"Unit 9573 Box 5885
DPO AA 20013",N,hours
394,Corey Banks,672-31-2676,"52905 Brown Ports Suite 003
Lake Lori, DC 21647",Y,miles
395,Erica Clark,813-90-6642,"352 James Pike Suite 697
New Kylieport, KS 69564",Y,hours
396,Leslie Martinez,358-83-1854,"1408 Gibson Key Suite 621
South Brianaton, MT 80350",N,hours
397,Ashley Wilcox,744-35-3173,"70773 Charles Prairie Suite 271
Brandonhaven, DE 47480",N,hours
398,Andrew Guzman,528-18-1797,"130 Caitlin Pine
Williamsport, OH 56288",Y,miles
399,Tracy Fischer,197-53-6134,"334 Hardin Ridges Apt. 486
Michelleborough, MH 88924",Y,miles
400,Holly Simmons,114-88-8722,"760 Brian Gateway
West Raven, MI 37405",N,miles
401,Donna Serrano,875-41-0821,"6009 James Heights
South Johnmouth, IL 46799",N,miles
402,Angela Jackson,625-16-0533,"402 Thomas Stream Apt. 271
Angelaport, FL 23438",Y,miles
403,Stephanie Randall,149-83-6256,"6104 James Loaf
Dawsontown, IA 36793",N,hours
404,Brenda Sutton,398-65-5930,"9927 Howard Harbor
South Michael, WI 82034",N,hours
405,James Newman,747-38-1831,"1602 Linda Junctions Suite 062
West Carolstad, VA 43072",N,hours
406,Andrew Powers,360-52-9425,"14830 David Groves Apt. 261
North Brandon, UT 57363",N,miles
407,Jennifer Richards,028-81-2878,"52785 Kaitlyn Loop Apt. 964
Ryanville, KS 58366",Y,miles
408,Brandon Smith,865-09-3882,"035 Hardy Neck Suite 483
Lanefort, DE 45186",N,hours
409,Denise Carter,098-72-8336,"Unit 1099 Box 9089
DPO AA 91408",Y,miles
410,Nicholas Ballard,870-18-4293,"348 Young Fords
New Andrewport, ME 07007",Y,miles
411,Terry Webster,180-80-5750,"40121 Rich Club Suite 039
Daisystad, IN 68454",Y,hours
412,Samuel Brown,476-44-5651,"0099 Hill Pass
Kennethland, SD 44663",Y,hours
413,Rachel Yates,228-94-1026,"9821 Laura Lakes
Lake Robertmouth, WA 37090",Y,hours
414,Timothy Curtis,091-58-8879,"94426 Natalie Mall
Princemouth, AZ 95470",Y,hours
415,Brittney Hernandez,573-56-2721,"7878 Kathryn Burgs
Dalechester, MI 01942",N,miles
416,Robin Lopez,529-69-1451,"98302 Shepherd Center
South Ronald, KY 85586",N,hours
417,Daniel Holder,447-14-8392,"18510 Nichole Lock
Obrienview, OK 77712",Y,hours
418,David Hill,470-05-1910,"7987 Cody Rest
Ricardohaven, OR 11639",Y,hours
419,Holly Garcia,505-94-8054,"8580 Tracey Village
North Davidfort, NC 21899",N,hours
420,John Becker,216-57-9132,"71614 Matthew Roads Suite 486
Rodgersmouth, AZ 22700",N,miles
421,Christopher Jones,352-69-0292,"70013 Kim Shoal Suite 610
East Deborah, GA 36744",Y,hours
422,Zachary Moore,841-67-4435,"47462 Lori Branch
East Matthew, MA 33974",N,miles
423,Jennifer Moreno,066-39-5442,"7900 Shannon Centers Suite 571
East Joelside, HI 47352",N,hours
424,Nicole Manning,774-85-8670,"69848 David Junctions
West Johnview, MS 72754",Y,hours
425,Ashley Ray,012-81-0295,"639 Scott Hollow Apt. 254
North Robert, OK 15808",N,miles
426,James Mullins,376-77-6456,"63296 Smith Vista
Joseland, MP 75050",Y,miles
427,Sarah Bradley,448-71-6159,"190 Bates Ranch
South Thomaschester, SD 41951",Y,hours
428,Randy Robinson,529-09-8821,"PSC 7075, Box 9380
APO AP 15766",Y,hours
429,Nancy Yang,718-99-1143,"0257 Patricia Ridge
West Kristina, MS 97397",Y,hours
430,Lauren Callahan,150-50-0931,"PSC 0916, Box 5001
APO AP 09938",Y,miles
431,Erica Harris,603-77-3300,"1615 Cody Hollow Suite 976
Petersonberg, MI 73370",N,hours
432,Anthony Smith,611-19-3192,"1707 Bruce Camp Suite 840
West Debraborough, NV 69556",N,miles
433,Jerome Jenkins,003-63-0683,"USS Suarez
FPO AP 48264",N,miles
434,Diane Adkins,451-17-8937,"625 Keller Court
East Darrylborough, MN 42792",N,hours
435,Erin Hendricks,656-90-1441,"185 Larry Knoll
Lake Michael, ME 94656",N,hours
436,Julie Flores,093-72-7785,"6646 Taylor Expressway Apt. 432
North April, KS 54057",N,miles
437,Richard Morales,542-93-5432,"14425 Samantha Way Apt. 158
Victoriashire, FL 98150",Y,miles
438,Mrs. Kari Ray,820-64-5472,"9974 Priscilla Burg
Port Johnberg, NV 04015",Y,hours
439,Natasha Green,034-24-5549,"31365 Eddie Tunnel
Lake Annafort, MA 26449",N,miles
440,Adam Pierce,220-32-2817,"02688 Amy Port
Tylerview, MT 39676",Y,hours
441,Todd Foster,368-24-8279,"870 Castaneda Burg Apt. 552
East Nicole, PR 35452",Y,miles
442,Abigail Reyes,315-99-3444,"79033 Hughes Via Apt. 685
Jasonstad, NH 45919",N,miles
443,Lauren Hughes,676-60-1709,"09040 Fisher Highway Suite 100
Craigmouth, WV 82933",N,miles
444,Jennifer Gonzales,414-56-7306,"233 Stokes Cove
North Leslieborough, PA 89830",N,hours
445,Marcus Watson,814-31-3611,"Unit 6233 Box 6390
DPO AE 83933",Y,hours
446,Zachary Black,573-52-7840,"08328 Cheryl Tunnel
Port Ashley, PR 95851",N,miles
447,Marissa Dixon,420-08-1756,"5741 Jesus Tunnel
Elizabethburgh, GA 31796",Y,hours
448,Mary Johnson,294-26-9551,"6247 Daugherty Passage
Port Johnchester, OK 77416",N,hours
449,Amy Nielsen,247-64-0135,"05551 Miller Crossing
Brianbury, AS 76078",N,miles
450,Breanna Klein,027-07-1028,"54072 Lindsey Extensions Apt. 446
Aliciaville, SD 49079",N,hours
451,Melissa Holmes,471-45-5304,"USCGC Williams
FPO AP 05862",Y,miles
452,Joshua Ramirez,482-60-6564,"16610 Singh Station
Lake Brenda, NV 99731",N,hours
453,David Griffin,394-52-5354,"55747 Jackson Park Apt. 144
Davidville, MD 75533",Y,hours
454,James Fletcher,287-43-3776,"PSC 3195, Box 9542
APO AA 62709",N,hours
455,Charlene Lucas,038-01-8891,"4205 Flores Inlet Apt. 518
Robertfurt, OH 83168",N,hours
456,Scott Long,800-88-1601,"53301 Taylor Row Apt. 655
Port Aaron, LA 62329",Y,miles
457,Diana Luna,791-38-7233,"153 West Streets Suite 582
North Theresamouth, NY 42866",Y,miles
458,Isaiah Williams,007-86-4188,"0652 Harry Lakes
Mariaberg, SC 15862",Y,miles
459,Kevin Atkinson,752-84-6806,"61484 Stephen Isle
Port Michaelview, GU 49466",N,hours
460,Christopher Kennedy,253-98-2390,"9858 Cochran Centers Suite 497
Woodstad, AZ 27818",N,miles
461,Brian Richardson,685-53-9085,"PSC 3419, Box 7297
APO AP 39552",N,hours
462,Ricardo White,364-12-2178,"696 French Station Suite 389
Timothymouth, MT 96544",N,miles
463,Jennifer Guzman,715-25-2079,"29704 Perkins Canyon
East Shelbyfurt, TX 81251",N,miles
464,Eric Ellis,673-75-7637,"00022 John Manor
Cindybury, PR 32352",Y,hours
465,Christopher Hardy,444-85-7697,"PSC 6759, Box 5859
APO AA 96366",Y,miles
466,Heather Martin,504-34-4126,"Unit 4896 Box 6299
DPO AP 87278",N,hours
467,Ashley Martinez,407-61-3527,"149 Timothy Prairie
Lake Anita, KS 63727",N,miles
468,Robin Jones,347-83-4825,"266 Baker Trace
Anthonymouth, DE 24216",Y,hours
469,Willie Thomas,614-84-3487,"31236 Anna Summit
South Sara, NV 70694",N,hours
470,Charles Gonzalez,213-44-8187,"691 Lee Fields
Garyshire, ID 53994",N,hours
471,Mark Fisher,724-13-5921,"846 Andrew Pike
Anthonytown, MS 10366",N,hours
472,Arthur Carroll,547-05-8698,"573 Jeremy Hills
South Bradview, MH 55422",N,hours
473,Brenda May,630-06-6807,"006 Barbara Mill Suite 627
Crystalhaven, LA 79915",Y,miles
474,Thomas Freeman,770-39-3011,"780 Benjamin Lake
Scottfurt, KS 10467",Y,hours
475,Samuel Murphy,069-09-4058,"33088 Larson Branch Suite 159
East Joshua, OH 73209",Y,miles
476,Teresa Parsons,434-97-0628,"3260 Rhodes Plain
Port Katherineburgh, GU 84991",Y,miles
477,Samantha Miller,617-69-7788,"6745 Ray Walks
Kerrishire, PR 60325",Y,miles
478,Courtney Woodard,477-44-5891,"USNV Smith
FPO AP 36421",N,miles
479,Donald Hamilton,121-54-7077,"920 Jones Manor Apt. 620
Hollandshire, GU 26427",Y,hours
480,Melinda Flores,828-51-6979,"USNV Robinson
FPO AP 19086",N,hours
481,Kenneth Ho,506-95-8559,"PSC 4946, Box 2910
APO AP 34947",Y,hours
482,Marc Acevedo,087-90-3344,"7474 Collins Radial Suite 380
Nathanielville, TN 14852",Y,hours
483,Michael Hunt,007-21-1526,"47513 Rodriguez Street
Katherinetown, LA 58845",Y,hours
484,Mr. Benjamin Ortiz PhD,702-25-5931,"8751 Wright Circle
Deanland, OH 84510",Y,miles
485,Gary Webster,846-08-5937,"87311 Alicia Falls Suite 206
South Jessicahaven, CT 42615",Y,hours
486,Wendy Evans,507-24-7779,"5848 John Walk Apt. 597
New Luiston, AS 11081",N,hours
487,Ronald Flores,087-94-9056,"421 Emily Bridge Suite 392
South Andrewton, SC 77590",N,miles
488,Samantha Calhoun,727-47-1354,"43484 Walsh Court Suite 167
Scottfort, PR 84744",Y,hours
489,Tracy Bush,197-29-5001,"065 Richardson Glens
Aguirremouth, NC 45415",Y,miles
490,John Walker,393-08-5840,"9366 Derrick Spurs
North Anna, MN 12100",N,hours
491,Aaron Harrell,390-77-2658,"Unit 9027 Box 5271
DPO AE 39780",N,miles
492,Miguel Burgess,239-26-4318,"704 Brittney Port
Moodymouth, NJ 78552",Y,miles
493,Susan Anderson,678-59-7764,"912 Kristin Crossing Suite 246
Scottfort, AR 99621",Y,hours
494,Dawn Andersen,406-22-5512,"PSC 5715, Box 7078
APO AP 14128",N,hours
495,Lauren Craig,774-24-9360,"099 Dominique Prairie Apt. 277
Alexbury, MH 17304",Y,miles
496,Zachary Jones,188-31-5040,"987 Harper Port Apt. 003
Tinamouth, GA 21961",Y,miles
497,Susan Bender,852-33-7467,"2029 Michael Haven Suite 609
Richardville, TX 60428",N,hours
498,Brian Campos,358-02-0821,"91530 Debra Vista Apt. 320
Carolinebury, RI 69297",Y,miles
499,Anthony Wheeler,194-65-6375,"83941 Devin Manor
Paulfurt, MD 97488",N,hours
500,Claire Sparks,649-46-0411,"537 Maurice Spring Suite 885
South Michael, WY 80871",N,miles
501,Justin Franklin,200-56-4370,"3309 Gomez Extensions Apt. 577
Jeremiahshire, WY 27224",N,hours
502,Dana Osborne,295-51-4733,"40573 Katrina Lights Apt. 920
Conniehaven, TX 84117",N,hours
503,Jonathan Pacheco,289-82-0434,"USNV Roberts
FPO AP 10227",Y,hours
504,Deborah Estrada,752-66-1886,"71609 Kevin Oval Suite 735
Port Jasonberg, MS 65122",Y,miles
505,Kevin Huerta,107-15-2629,"8319 Laura Ferry
Reedview, IL 36059",N,hours
506,Joseph West MD,736-57-8874,"129 James Ramp Suite 556
Jenkinsmouth, NM 72366",N,miles
507,David Obrien,627-71-0334,"37032 Payne Radial
Lake Michaelland, CO 06844",N,miles
508,Aaron Smith,829-16-1044,"15746 Daniel Port
Lake Joan, AS 03856",Y,hours
509,Monica Lam,052-19-2200,"788 Ashley Walks Suite 630
West Johnmouth, MT 64182",N,hours
510,Kristi Barnes,802-07-4554,"48138 Russell Passage Apt. 430
Feliciatown, NM 50886",Y,miles
511,Aaron Olson,355-31-7924,"79610 Carson Shores
West William, FM 15581",N,miles
512,April Morse,751-27-9699,"445 Raymond Parkway Suite 739
Lake Amandachester, VT 88611",Y,miles
513,Kristopher Wolf,392-66-9870,"0142 George Point
Kennethtown, IL 08194",Y,miles
514,Richard Cochran,887-49-9997,"01019 Daniel Freeway
Scottmouth, TX 60147",Y,miles
515,Margaret Craig,584-07-0451,"Unit 5705 Box 3697
DPO AE 21818",Y,hours
516,Anthony Jackson,247-71-5381,"63813 Richard Grove
West Courtney, ND 30769",N,hours
517,Sandra Morales,705-12-8123,"86090 Margaret Pine Apt. 791
Brucemouth, LA 45333",N,hours
518,Anna Hill,112-13-0870,"1345 James Drive
Andersonbury, HI 99360",Y,miles
519,Lauren Fitzgerald,590-07-7355,"5729 Howard Place Suite 296
Kristinville, IL 20997",N,hours
520,Andrea Brock,556-84-2495,"42839 Laura Via Suite 420
Susanville, PA 23729",N,hours
521,Mike Robbins,724-83-7015,"58246 Angela Row Apt. 414
North Marissa, GA 45949",N,hours
522,Joseph Hansen,650-45-3135,"520 Copeland Extension
North Joshua, SD 64874",Y,miles
523,Mary Lucas,713-74-2230,"Unit 7931 Box 7262
DPO AP 67439",N,miles
524,Joseph Hughes,373-90-0307,"0680 Kelly Villages Suite 947
Lake Elizabeth, PA 65791",N,hours
525,Henry Edwards,838-67-8027,"91260 Gordon Ferry Apt. 246
Peggyside, WY 05055",N,miles
526,Paige Garrison,211-05-5772,"81573 Lyons Parkways
Harrisonburgh, PW 88857",N,hours
527,Jay Hoffman,070-13-3618,"137 Robert Row
Matthewshire, MO 71264",Y,miles
528,Natalie Garcia,506-95-7513,"32486 Walker Streets
South Devinbury, PR 74889",N,miles
529,Jennifer Austin,689-77-0393,"554 Kathleen Islands
Christopherport, RI 64398",N,hours
530,Crystal Grant,035-27-3513,"4374 Leonard Coves Suite 538
North Thomasfort, NV 37896",N,miles
531,Tiffany Lee,770-33-9085,"2346 Anderson Summit Apt. 530
Jaredport, NC 45206",Y,miles
532,Dale Wolfe,541-24-1853,"Unit 9464 Box 9264
DPO AE 00965",N,miles
533,Amy Davis,370-54-4161,"6415 Thomas Tunnel
Port Jennifer, WY 01730",Y,miles
534,Willie Peterson,473-35-3612,"78973 Boyer Via Apt. 710
Julieshire, OR 71888",N,hours
535,Meagan Maxwell,318-40-6795,"135 Velasquez Way Suite 954
Angelafort, MD 19625",N,hours
536,Patrick Bauer,122-50-7907,"622 Young Estate
New Taylormouth, GU 71127",Y,miles
537,Michael Alexander,330-03-0969,"09929 David Green
Ryanport, KY 69848",N,miles
538,Mr. Christopher Rodriguez,887-90-8471,"953 Vasquez Hills
East Nicolaston, WA 21652",Y,hours
539,Christopher King,360-70-1054,"31559 Bell Prairie
South Megan, ND 90965",Y,miles
540,Christy Potts,649-36-3326,"859 George Rapid Apt. 083
Chasemouth, GU 52153",Y,miles
541,Stacy Lee,017-56-6127,"USNS Stout
FPO AA 19678",N,hours
542,Eric Padilla,061-16-0041,"9462 James Viaduct Suite 058
Lake Kellyberg, IN 63287",N,miles
543,Joshua Mejia,501-20-4148,"USCGC Weiss
FPO AP 67428",Y,miles
544,Sean Harper,189-94-0284,"USNS Schroeder
FPO AP 93184",Y,miles
545,Amanda Anderson,710-13-2409,"81367 Kim Throughway
East Katherine, WV 97081",N,hours
546,Ellen Dixon,337-19-8981,"61241 Randall Pines Suite 109
Morenoland, NH 11205",Y,hours
547,Katelyn Ayala,106-76-1608,"421 Wright Cliffs
Tapiamouth, VI 56805",Y,hours
548,Claire Walker,801-02-0950,"9988 Debra Hills
Port Mallory, HI 94366",Y,hours
549,Paul Turner,238-14-2671,"922 Mccarty Bridge Suite 582
Douglasville, PA 22277",Y,hours
550,David Torres,546-95-8977,"51940 Ryan Extension Apt. 048
Kristenfort, KS 25161",Y,miles
551,Teresa Weber,609-11-7725,"24758 Garcia Squares
Lake Tracyfurt, IL 35835",N,miles
552,Derek Singh,898-01-2199,"2153 Holt Park Apt. 064
Pageland, GU 00609",Y,hours
553,Sara Robinson,185-54-3426,"PSC 3040, Box 6445
APO AE 21036",N,miles
554,April Hughes,658-98-8093,"USCGC Brown
FPO AP 53330",Y,miles
555,Rachel Foster,788-50-3004,"537 Waller Island
Susanfurt, UT 33122",N,hours
556,Randy Massey,350-33-6360,"PSC 3383, Box 0248
APO AE 68240",N,miles
557,James Austin,151-76-9853,"92214 Ryan Gateway Apt. 722
Townsendstad, UT 93930",N,miles
558,Darren Cox,222-11-4051,"USS Lee
FPO AA 28839",Y,miles
559,Brian Ball,160-07-1011,"281 Bell Dam Apt. 813
South Karenville, CO 27596",Y,hours
560,Andrew Dunn,401-78-6967,"PSC 0361, Box 0468
APO AA 00742",N,hours
561,Ashley Griffin,150-52-8816,"53386 Greg Roads
Philipbury, NJ 40098",N,hours
562,Jerry Buchanan,857-74-9645,"594 Michele Run
East Toni, PR 69608",Y,hours
563,Angela Ball,031-01-9961,"780 Mary Turnpike
Erikafort, NH 91553",Y,hours
564,Donald Clark,252-52-0996,"Unit 0463 Box 6782
DPO AA 26495",Y,hours
565,Paul Brown,151-85-1565,"4332 Cervantes Manors
East Robert, ME 11097",N,miles
566,Ashlee Haley,657-50-1801,"2784 Saunders Mountains Suite 576
New Nicholasborough, HI 25950",Y,hours
567,Justin Reeves,135-26-5737,"1877 Welch Dam
East Heather, WI 50838",N,miles
568,Jason Merritt,019-45-1491,"86997 Dennis Isle Apt. 695
North Jamesstad, VT 73162",Y,hours
569,David Keller,497-16-6722,"776 Eric Circle
Lake Kristinville, NJ 24884",N,hours
570,Gregory Farmer,280-22-6847,"2099 Sullivan Square
Carterbury, RI 84091",N,miles
571,Russell Hall,059-35-4196,"1600 Andrea Turnpike
West Stephen, OH 90235",Y,miles
572,Jimmy Weiss,883-08-4097,"666 Andrea Manors Suite 275
East Brandonport, NH 78470",Y,miles
573,Donald Lane,173-50-2535,"748 Robert Crest Suite 184
West Timothyview, AS 90584",N,miles
574,Kristin Garcia,384-67-0203,"3643 Kenneth Lakes Apt. 922
Nicholasborough, GU 21874",N,miles
575,Christopher Cole,416-11-1288,"86741 Melissa Squares
East Jamesberg, MT 54625",Y,miles
576,Vincent Collins,059-67-9498,"436 Denise Shoals
North Katherineview, NC 83926",N,miles
577,William Boone,301-74-3868,"USNS Johnson
FPO AA 44516",N,miles
578,Kathryn Thompson,573-21-5023,"33519 Campbell Brook Apt. 668
New Amandafurt, NJ 62292",Y,hours
579,Andrew Hall,658-70-5641,"620 Strong Spur Suite 483
North Kelli, ID 49916",Y,hours
580,Patrick Love,415-02-5001,"1191 David Drives
Brownburgh, NE 16230",Y,hours
581,Kristi Stevenson,562-82-3208,"1757 Julie Islands Apt. 520
East Charlesborough, NY 53744",N,hours
582,Sandra Wilkins,841-55-5364,"3937 Dennis Highway
South Anne, AS 94784",Y,miles
583,Stephen Bailey,103-43-8859,"64995 Jim Cliffs Suite 031
Johnton, WA 23694",N,hours
584,Justin Jones,479-11-9588,"39981 John Place
Andrewmouth, AZ 00666",Y,hours
585,Richard Welch,340-39-8192,"568 Angela Street Apt. 678
Beckymouth, VI 39048",N,miles
586,Jonathan Chambers,134-02-1207,"055 Fitzgerald Street Apt. 694
Jimenezfurt, TN 86411",N,miles
587,Daniel Ibarra,435-38-5882,"85175 Grant Harbor Suite 910
Lake Manuel, NJ 10084",N,hours
588,Shawn Burnett,052-05-3081,"24319 Michael Groves
Jimview, PA 25692",Y,miles
589,Kristi King,566-85-3429,"4480 Griffith Mountains Apt. 671
South Patricia, AR 08527",Y,miles
590,Debbie Heath,578-61-8782,"529 Watson Trace
New Courtney, IN 70736",N,miles
591,Sara Garcia,757-03-7408,"387 Ryan Land Apt. 084
Richardsonfort, IL 14469",Y,hours
592,Dr. Jennifer Hogan,141-67-9023,"3938 Erin Heights
Mckeechester, MH 07865",Y,miles
593,Kristina Morales,385-14-6713,"3517 Khan Ridges
Danielchester, MS 45901",Y,miles
594,Amy Schmidt,685-32-5166,"97872 Timothy Plaza Suite 751
Kristenbury, WA 48138",Y,hours
595,Luis Young,777-31-2481,"5930 Teresa Hill
East Eric, VI 52043",Y,miles
596,Eric Townsend,892-74-1589,"52082 Moore Estate Suite 545
Matthewfort, PA 54975",Y,hours
597,Ryan Burnett,071-51-3687,"42157 Eric Port Suite 245
Kristenfort, GA 62057",N,miles
598,Tonya Jenkins,143-54-2188,"948 Matthew Passage
East Jennafurt, NM 53183",Y,miles
599,Gregory Edwards,531-84-9337,"3024 Smith Wells Apt. 282
Khanchester, AS 93887",N,hours
600,Zoe Murray,261-10-8413,"65755 Steven Locks
South Jenniferstad, IN 63218",Y,miles
601,Leah Cruz,522-24-6204,"8794 Miller Ridges
Steventown, MP 87720",Y,hours
602,Sarah Hernandez,628-01-3566,"7585 Foster Crossroad
New Jeremy, VT 65782",N,miles
603,Natalie Taylor,257-99-9805,"9210 Burgess Street Suite 557
Christopherbury, VI 70463",N,miles
604,Isaac Thompson,363-10-3387,"67149 Roman Falls
South Michael, VI 34935",Y,hours
605,Nicole Boyer,498-58-4216,"17848 Barnett Estates
South Selenatown, DE 73703",N,miles
606,Eric Vazquez,598-98-4745,"USNS Miller
FPO AA 26733",Y,hours
607,James Thomas,818-43-2977,"09074 Smith Crossing Apt. 142
Watsonton, VA 16060",N,hours
608,Kim Ramirez,439-94-3333,"73101 Michael Crescent
Rodriguezbury, MO 17706",N,hours
609,Shaun Howell,367-86-1564,"12392 Lawson Stravenue Apt. 959
North Linda, FL 42694",N,miles
610,Scott Dudley,191-21-6725,"898 Copeland Causeway Suite 858
East Linda, FL 76935",Y,miles
611,Jessica Perry,075-53-4237,"1879 Donna Meadows Suite 604
Lake Stephenport, NH 76675",Y,hours
612,Joseph Ford,248-25-9367,"674 Lamb Summit Apt. 565
Lake Carlos, GA 68022",N,hours
613,Jason Serrano,491-90-4475,"598 Bradford Brook Suite 688
Douglastown, MH 42823",N,hours
614,Reginald Bauer,778-62-7817,"540 Flores Greens
Lake Seanberg, NJ 80263",Y,hours
615,Michael Carter,184-09-5466,"Unit 3347 Box 1922
DPO AA 63407",Y,miles
616,Charles Scott,873-20-0594,"2480 Daniel Groves Apt. 827
West Juliestad, VT 79137",N,miles
617,Mike Gardner,375-95-8652,"147 Arnold Freeway Apt. 629
South Jessica, ND 73161",Y,hours
618,Nicholas Steele,051-95-1673,"95049 Houston Expressway Suite 675
South Leonard, ID 96239",Y,hours
619,Austin Kelley,304-40-9893,"63861 Mora Oval Suite 582
East Roger, MS 00911",N,hours
620,Jonathan Morgan,850-72-9510,"2772 Coleman Avenue Apt. 399
Omarchester, FL 74490",N,hours
621,Melissa Owens,535-35-9849,"16246 Tammy Junctions Apt. 756
Thomasview, IN 17440",Y,hours
622,Mr. Christian Howard,442-05-4454,"60164 Smith Streets Suite 598
Smithton, CA 89798",Y,hours
623,Steven Ross,117-42-7120,"68590 Emily Turnpike Apt. 414
East Meganside, ID 20104",N,hours
624,Erica Griffin,605-72-1390,"Unit 9304 Box 7566
DPO AP 83784",Y,hours
625,Natalie Williams,436-36-8970,"50308 Victoria Flats Apt. 027
Lake Molly, AZ 86633",N,miles
626,Peter Scott,482-66-6079,"918 Davis Glens
Jamesfurt, OR 03840",Y,miles
627,Mrs. Jessica Lindsey,717-16-3606,"PSC 0719, Box 9253
APO AP 20913",Y,hours
628,Ricky Villa,511-39-3439,"7956 Mccoy Vista Suite 015
Port Ashley, MO 98604",N,miles
629,Tyler Obrien,158-90-4790,"Unit 9672 Box 8730
DPO AP 68145",N,miles
630,Melissa Williams,129-33-5823,"353 Andrew Hill
Kimberlyton, NV 69942",N,hours
631,Amy Jones,462-44-6069,"07141 George Causeway
Port Tonya, DE 79361",Y,hours
632,Kerri Wright,200-72-8077,"25315 Melissa Creek Suite 363
West Caitlinshire, MN 77588",N,miles
633,Elizabeth Larson,399-67-8529,"96586 Maurice Fork
Hawkinsport, DE 84369",Y,miles
634,Jeffrey Rodriguez Jr.,032-28-6872,"8182 Cathy Spur
Gregoryside, VA 60733",N,hours
635,Riley Hubbard,266-37-2552,"816 John Throughway
Meganborough, CA 92345",N,miles
636,Amanda Mccarthy,272-62-0911,"5406 Moreno Drive Apt. 737
Darlenestad, TX 03710",Y,hours
637,David Elliott,768-63-5846,"8267 Vasquez Glen
Kelseychester, SC 17122",Y,miles
638,Kathryn Ruiz,873-61-2805,"54099 Heather Cliff Suite 756
New Lauramouth, IA 92802",Y,hours
639,Courtney Tapia,014-93-7112,"Unit 7696 Box 1229
DPO AP 00584",Y,miles
640,Roger Sampson,146-13-5617,"2255 Kelli Alley
Lake Victorside, MN 93463",N,miles
641,Peter Cherry,538-56-8540,"9645 Randy Lights Suite 198
South Matthewside, SC 93915",N,miles
642,Megan Williams,410-57-9496,"PSC 9431, Box 2203
APO AP 78431",Y,miles
643,Christine Brown,247-54-6606,"Unit 7848 Box 4164
DPO AA 12827",N,hours
644,Jeanette Kaiser,612-81-9694,"27758 Miller Plain Suite 425
Willietown, AZ 43837",Y,hours
645,Robert Reed,294-82-0953,"719 Eric Glens Apt. 528
Onealburgh, VT 00857",Y,hours
646,Victor Allen,286-39-6048,"52802 Hill Stream
Elizabethborough, MD 54802",N,miles
647,Mitchell Robbins,361-24-5051,"58799 Smith Ford
Smithmouth, WV 59527",Y,hours
648,Sarah Lucero,375-75-1291,"861 Alexis Village
East Joelland, AK 16269",Y,hours
649,Antonio Bell,878-47-4258,"865 William Lakes Apt. 025
Brownfurt, IA 25017",Y,miles
650,Sean James,416-36-9862,"31508 Chad Path Suite 250
Lake Jasmine, FL 26666",Y,hours
651,Jason Scott,237-76-9596,"3112 Brandon Hollow Apt. 358
Port Richard, NJ 54448",Y,miles
652,Joshua Wilson,287-65-4029,"PSC 8283, Box 5104
APO AE 34113",N,hours
653,Mary Jones,216-17-4540,"PSC 7130, Box 5781
APO AP 40602",Y,hours
654,Ashley Sawyer,647-20-2574,"007 Jacob Ferry Suite 632
Dixonberg, VA 95347",Y,hours
655,Stephanie Archer,609-65-8929,"9102 Emma Isle
Travisside, NJ 59889",Y,miles
656,Arthur Costa,829-44-3542,"473 Ramos Corner Suite 529
Port Laura, IN 30707",N,miles
657,Isaiah Collins,117-90-5529,"2414 Hale Fields
East Sean, IL 82104",N,hours
658,Elizabeth Roberts,621-17-6115,"662 Pierce Isle
Lake Samanthaview, WV 02028",Y,hours
659,Johnny Taylor,472-19-9150,"62635 James Overpass
Kelleyville, NV 48004",Y,hours
660,Donald Hernandez,368-06-6282,"1436 Garcia Well
Hamptonchester, ME 68938",N,hours
661,Andrew Velazquez,360-30-0105,"6210 Craig Mission Apt. 690
Lake Michael, AZ 98429",N,miles
662,Sally Murray,192-87-0892,"895 Lopez Walk
Lake Jesse, SC 41924",Y,miles
663,Kelsey Warner,191-26-5411,"2434 William Viaduct Apt. 511
Kevinchester, WA 89821",Y,hours
664,James Mckee,414-18-0871,"8451 Aaron Parkway
Ronaldchester, NE 29251",Y,miles
665,Brett Stevens,414-92-9802,"2381 Serrano Mills Suite 445
West James, WA 56689",Y,hours
666,Walter Hudson,204-63-6088,"3759 Thomas Corner
West Anthony, AK 31179",N,hours
667,Gabriel Collins,815-96-4015,"532 James Unions Apt. 956
Kellishire, ND 37283",Y,miles
668,Ronald Mccann,180-58-1503,"242 Dustin Highway
Moorefort, AS 91420",N,miles
669,Joseph Holmes,236-48-1880,"683 Tracey Courts
North Matthew, KY 45765",Y,miles
670,Margaret Ruiz,781-52-3649,"6356 Gomez Stravenue
Port Arianaberg, MT 56105",Y,hours
671,Ronald Santiago,797-15-2587,"7368 Daniel Via
Webbville, MI 71160",Y,miles
672,Lauren Murphy,064-87-7334,"199 Little Forest Apt. 900
Lake Davidland, VA 89178",Y,miles
673,Darren Willis,685-49-4399,"0967 Chelsea Mills Suite 447
West Jessicafurt, MO 09636",N,miles
674,Natasha Richards,804-62-2439,"25407 Saunders Cliffs Suite 302
New Ericafort, VI 91336",N,miles
675,Amy Willis,673-77-9781,"Unit 3593 Box 4765
DPO AE 55505",N,hours
676,Angela Cruz,688-89-5915,"97646 Joshua Shore
Scottshire, MS 80944",N,hours
677,Michael Smith,246-64-1758,"65877 Bishop Manor Apt. 323
Kirkport, IN 61404",N,miles
678,Lisa Garcia,878-45-8235,"074 David Island Suite 043
South Alanbury, NE 49005",N,hours
679,Roger Ingram,352-77-7975,"540 Brown Way
South Andreamouth, WI 94801",Y,hours
680,Christopher Kelley,731-02-1459,"Unit 7708 Box 5405
DPO AP 92410",N,miles
681,Victoria Krueger,663-15-7505,"083 Clark Dale
South Margaret, AR 68581",Y,miles
682,Matthew Jones,328-76-6864,"85607 Keith Ferry
New Wesleymouth, PR 92289",Y,hours
683,Joshua Bradshaw,754-44-9326,"053 Herrera Estates
Brentshire, AZ 13487",Y,miles
684,Alex Smith MD,462-75-2193,"7485 Janet Villages
Bradleyburgh, IN 04106",N,hours
685,Brenda Sullivan,431-51-1069,"PSC 7803, Box 1278
APO AA 41309",N,hours
686,Laura Braun,246-38-8185,"133 Smith Wells
Elizabethview, NC 34755",N,hours
687,Michael Goodman,766-71-2288,"7401 Cynthia Harbors Apt. 695
Dunnburgh, PR 55999",Y,hours
688,Justin Allison,826-66-2117,"57343 Jones Square
Port Michael, NM 52426",N,hours
689,Patrick Huff,520-62-8897,"796 Miranda Springs
Amytown, MO 31957",N,miles
690,Laura Navarro,805-51-4839,"8212 Andrew Fork Suite 785
Jamesbury, WA 19519",N,hours
691,Ashley Jones,013-10-1966,"9340 Moore Circles
Paynehaven, AS 23410",N,hours
692,Suzanne Horn,319-95-4880,"USCGC Mccoy
FPO AA 26022",N,hours
693,Jennifer Ramos,780-29-1054,"64525 Clark Lock
Natalieborough, TX 96137",N,hours
694,Angela Lindsey,238-98-6492,"USNV Wilson
FPO AA 57606",N,hours
695,Devin Gates,575-11-4840,"PSC 9183, Box 4821
APO AA 90538",Y,miles
696,Christopher White,140-25-9363,"393 Nicole Street
New Christopherstad, MO 28649",N,miles
697,Lisa Franco,780-47-6328,"96455 Woods Bypass
Lopezville, NJ 70804",N,hours
698,Joseph Pineda,574-84-0537,"66571 Jonathan Oval Apt. 805
West Alex, PR 05730",N,hours
699,Wendy Buckley MD,008-41-4712,"75820 Donald Burgs
Port Loretta, NY 72180",N,miles
700,Brenda Smith,582-41-1214,"44263 Adriana Parks Apt. 697
Jaredfurt, VI 04176",N,miles
701,Justin Thompson,318-45-8801,"957 Martin Canyon
Port Michael, MD 56309",Y,miles
702,Briana Gutierrez,301-88-9838,"1192 Bobby Mall
West John, KS 55908",N,miles
703,April Rivers,331-72-3685,"52193 Michael Mews Suite 892
New Brianland, CT 60366",N,hours
704,Bethany Lopez,484-73-3006,"7478 Kimberly Centers Apt. 913
West Christopher, ID 39033",Y,hours
705,Barbara Barnett,494-54-3301,"21923 Ortiz Greens Suite 255
Simschester, AZ 24547",Y,hours
706,Evan Cooper,225-59-0439,"USCGC Smith
FPO AE 01103",Y,hours
707,Angela Fletcher,647-37-1426,"963 Christine Crescent
Alexanderview, FM 57002",Y,hours
708,Joseph Mayer,853-83-0822,"461 Richard Rue Apt. 028
Lake George, CO 57354",N,miles
709,James Patel,337-91-1058,"86823 Martin Place Suite 972
Rogersland, NE 56270",Y,miles
710,Michael Robbins,754-55-7651,"582 Matthews Terrace
Lozanomouth, OH 23136",N,hours
711,Michael Martinez,218-24-7029,"9436 Caldwell Union Apt. 009
East Matthew, IL 81576",Y,miles
712,Daniel Parker,579-13-9000,"77424 Bartlett Square
South Brandyhaven, MI 25413",N,hours
713,John Caldwell,807-72-3072,"58652 Victoria Crest
Wadechester, GU 76304",N,miles
714,Mario Sharp,712-11-5593,"28754 Melissa Turnpike
Wongshire, ND 22137",N,hours
715,James Wiggins,138-81-3257,"5883 Odonnell Lodge
Brittanyborough, HI 18469",N,miles
716,Charles George,653-66-1263,"87571 Lisa Light
West Vickie, KY 69901",Y,miles
717,Dr. Carly Boyle,696-03-3073,"8103 Jonathan Port Apt. 102
North Matthew, PR 34781",N,hours
718,Troy Huff,820-27-8404,"227 Jon Court Suite 715
Lake Angela, NY 69499",N,hours
719,Ricardo Reid,047-38-8905,"3181 Kristin Stravenue
Hunterfort, SD 64439",N,miles
720,Andrew Hale,614-82-3990,"407 Sara Plains Suite 661
North Isaac, GU 13210",Y,miles
721,Beverly Clarke,104-82-8927,"7952 James Field Suite 246
Maxwellport, IN 94658",N,miles
722,Harry Russell,751-63-7017,"8571 Rodriguez Skyway Apt. 212
Peterberg, SC 50307",Y,miles
723,Sue Jackson,279-31-3819,"3528 Alexander Island Suite 425
North Steven, AZ 82697",Y,hours
724,Susan Brown,325-93-5999,"4521 Lewis Points
Juliaport, MT 99916",N,miles
725,Joseph Pearson,678-08-4337,"4701 Roberts Hills Apt. 035
South Alejandro, CA 46751",N,hours
726,William May,723-95-9820,"7971 Holland Lights
Amyborough, GU 58830",N,miles
727,Lynn Miller,443-82-7457,"8884 Beth Ranch Apt. 658
Janehaven, NJ 28323",Y,miles
728,Charlene Harris,410-06-7961,"17496 Banks Walks
Natashatown, NC 36663",Y,hours
729,Michelle Watson,136-62-4861,"Unit 4940 Box 8380
DPO AP 70806",N,hours
730,Wendy Cook,791-41-3628,"713 Allison Extension
Meadowsfort, MT 51415",Y,miles
731,Patricia Cherry,645-10-1390,"PSC 1904, Box 4936
APO AP 88222",Y,hours
732,Peter Allen,353-20-2622,"896 Elizabeth Meadows Apt. 566
South Margaret, GA 29361",N,miles
733,Jeff Schroeder,882-22-9886,"559 Marcus Landing
Sharonhaven, NE 79576",Y,hours
734,Linda Cannon,480-74-9384,"956 Tracy Manors
New Ericchester, AK 50122",Y,hours
735,Matthew Cooley,202-14-5408,"930 Gabriella Trail Apt. 911
East Brianhaven, TN 72540",N,hours
736,Cory Rose,033-12-8750,"USNS Tyler
FPO AA 55765",Y,miles
737,Joanna Davis MD,887-62-5850,"943 Bowen Road
Jessicahaven, PW 89493",Y,miles
738,Jason Mcknight,316-17-0037,"7029 Daugherty Courts
Adamton, NY 47751",N,hours
739,Edward Gross,323-12-5997,"1048 Jones Turnpike Apt. 782
Davisview, PR 34609",Y,miles
740,David Bell,279-48-2865,"50503 Dawson Point Suite 081
West Elaineport, OH 64483",Y,hours
741,Jeffery Oneal,288-91-9730,"5033 Morris Village
Port Jeremyhaven, UT 30784",Y,hours
742,Jamie Davis,689-71-3210,"040 Benjamin Mountains
Katherinemouth, NM 96629",Y,hours
743,Samantha Casey,583-63-0297,"8818 Martin Estates Apt. 337
Lake Tiffany, CA 36603",Y,miles
744,Patricia Alexander,454-42-6152,"7859 Elizabeth Islands
Port Laurenland, OH 50299",Y,miles
745,Madison Torres,895-76-6606,"3740 Williams Light Apt. 480
Hoovershire, GU 20121",N,miles
746,Lance Watts,800-35-2444,"6153 King Divide
Carrolltown, MN 15330",Y,hours
747,Russell Hudson II,553-22-0215,"23191 Taylor Estates Apt. 334
East Ericafort, SC 19652",N,hours
748,Jared Smith,413-32-8442,"0254 Scott Station Apt. 534
Hawkinsstad, HI 05517",Y,hours
749,Jennifer Simpson,277-79-0125,"048 Paul Bridge
Christopherburgh, MS 81613",Y,hours
750,Michael Smith,173-23-0224,"15160 Natasha Manor Apt. 029
Warnerbury, VA 56025",Y,hours
751,Shari Watson,786-40-7098,"761 Allen Point
West Melissabury, NV 50841",N,miles
752,Kristen Reed,342-16-8726,"315 Mendez Hollow Apt. 271
Bentonborough, PA 46077",N,hours
753,Christina Coleman,842-84-2861,"295 Schneider Vista Suite 852
Kristenburgh, NH 06107",Y,miles
754,Matthew Harris,706-91-3930,"USNS Fisher
FPO AA 22109",Y,hours
755,Jonathan Solomon,024-01-4816,"31185 Lin Summit
Greenland, GU 91958",N,hours
756,Nichole Calderon,756-97-0290,"175 Jones Throughway
South Ebony, MI 46876",N,hours
757,Denise Nelson,376-53-5985,"43847 Mitchell Hollow
South Jessicamouth, NH 53745",N,miles
758,Wesley Small,417-69-6755,"3928 Molly Freeway
Donaldsonchester, DE 61144",Y,miles
759,Rebecca Jackson,873-47-1139,"PSC 3222, Box 8229
APO AP 96759",N,miles
760,Charles Franklin,033-55-5813,"PSC 9681, Box 6631
APO AA 90713",N,hours
761,Erin Velez,626-01-9569,"63844 James Stravenue
Katherineshire, MA 81556",Y,hours
762,Linda Brennan,654-98-8152,"036 Emily Lock
Leonardport, GU 19192",Y,hours
763,Kelly Lane,652-68-7286,"100 Smith Dam
Kristenbury, MN 04310",Y,miles
764,Casey Moon,722-54-2465,"2562 Hurst Path Suite 023
Valerieburgh, AZ 21719",Y,hours
765,Laura Jackson,567-50-3909,"25810 Allen Forges Suite 235
Richardstad, NJ 44566",Y,miles
766,Alex Thompson,826-70-1050,"092 Marks Highway
Smithberg, ID 84525",N,miles
767,Samantha Jones,641-80-3343,"7960 Mark Wells
North Michaelhaven, MO 53981",Y,miles
768,Cindy Hoffman,221-98-6361,"29304 John Point
Nicholasview, WA 43511",N,miles
769,Whitney Peterson,730-86-3605,"81862 Bowers Neck
Tylerfurt, RI 85272",Y,hours
770,Eric Combs,285-72-7699,"91136 Ariana Lodge
Jerryborough, WV 99695",N,hours
771,Michael Callahan,839-47-4195,"3723 Wood Terrace Apt. 549
Port Briannatown, ME 70971",N,miles
772,John Lynch,734-47-0231,"28764 Justin Plains
Port Antoniochester, ME 58138",N,hours
773,Dawn Zimmerman,573-61-1381,"24872 Wolf Walk Suite 430
Jameshaven, MD 93576",N,hours
774,John Williams,826-49-3782,"7832 Hernandez Turnpike Suite 973
Hamiltonmouth, MI 69278",N,miles
775,Ana Wade,847-96-9471,"26031 Roberts Forges Apt. 254
Rodriguezmouth, MN 13026",N,hours
776,Dennis Brown,020-40-0141,"69069 Troy Squares
Mcphersonhaven, AZ 12178",N,miles
777,Gina Knight,833-11-0649,"907 Fletcher Squares
South Terriview, AR 91289",Y,hours
778,Ashley Archer,536-65-7743,"638 James Road
South Colefurt, SD 45787",Y,miles
779,Zachary Clements,772-58-4779,"314 Robert Extension Apt. 540
Jimenezfort, ND 06294",Y,hours
780,David Sims,786-34-0095,"USNV Howard
FPO AA 06477",N,hours
781,Sabrina Cox,625-47-3453,"8717 Maria Causeway
South Kirstenland, GA 65598",N,miles
782,Martin Benson,785-41-2476,"9580 Donald Points
Campbellside, KS 94309",Y,hours
783,Katie Lynch,066-32-8181,"172 Stokes Crest
Port Richardfort, PR 08693",N,miles
784,Tyler Ortega,746-42-8842,"5546 Joshua Brook Suite 519
East Dean, AS 76401",N,hours
785,William Martin,061-11-9336,"1749 Alec Flats Suite 907
Port Jessicaport, IA 37801",Y,miles
786,Robert Arnold,425-50-6390,"937 Wong Trail
New Andrea, HI 74241",N,miles
787,Sara Livingston,088-31-6479,"1928 Robert Port
West Mark, VT 92018",N,hours
788,Michele Ryan,073-07-4771,"2676 Angela Gateway
Lake Lisaport, MN 91492",N,miles
789,James Harris,494-88-5909,"6202 Ellis Branch
New Davidport, MT 92165",Y,miles
790,Reginald Oconnor,577-47-3685,"912 Alyssa Union
Debbieborough, CO 16512",N,miles
791,Richard Stone,303-36-4766,"050 Whitney Green
Fordmouth, GU 33669",N,hours
792,Samuel Tanner,390-11-4003,"1432 Gregory Neck Suite 908
Timothyburgh, MT 41043",Y,miles
793,Julie Reynolds,349-69-9244,"9824 Nancy Via
East Jody, MN 51705",N,hours
794,Scott Henderson,062-50-2898,"6877 Kevin Tunnel Apt. 287
North Melissa, WA 45453",Y,hours
795,Tasha Little,740-59-9231,"10649 Sanford Summit Apt. 008
Bairdmouth, PW 79748",Y,hours
796,Laura Pacheco,361-28-9304,"477 Swanson Club Suite 231
North Hannah, MP 75262",Y,hours
797,Jasmine Cameron,479-84-9744,"2957 Lee Oval
Lake Melissatown, TX 71050",Y,miles
798,Patricia Mills,722-25-8221,"3245 Sandra Manors Apt. 736
New Michael, AL 49026",Y,miles
799,Amy Jordan,349-46-1753,"0246 Ryan Stravenue Apt. 738
East Aaron, TN 37601",N,hours
800,Teresa Thompson,087-06-7571,"1482 Rhonda Summit Suite 425
New Dustinfort, NV 01536",N,miles
801,Michael Garrett,831-20-8091,"44688 Lopez Shoals
New Dennishaven, NV 52275",N,miles
802,Jonathon Rogers,808-65-6749,"4305 Powell Mountains
Kaylaland, PR 74418",N,miles
803,Clayton Bennett,163-18-6035,"6215 Ashley Fork
New John, NJ 42060",Y,hours
804,Timothy Hill,260-72-6109,"PSC 0414, Box 2115
APO AA 22142",N,miles
805,Rebecca Brown,835-84-5339,"69695 Jason Mountains Suite 941
North Elizabeth, MH 22660",N,miles
806,Robert Perez,820-74-2979,"108 Shelby Drive
Brownton, WV 30979",N,miles
807,Felicia Porter,449-84-0614,"938 Wells Walk Apt. 214
North Davidburgh, WY 07338",Y,hours
808,Ian Ramirez,132-24-4351,"10886 Jensen Locks Apt. 306
Samanthaland, NE 15896",Y,hours
809,Lauren Brooks,533-50-4908,"6617 Erin Spurs
Andersonview, AR 57286",Y,hours
810,Timothy Davidson,092-84-6740,"893 Justin Hill
East Tonymouth, MN 47213",Y,miles
811,Rita Martin,352-06-8907,"84650 Carrie Highway Apt. 274
Josephmouth, MO 37167",N,miles
812,Jason Williams,818-51-1200,"16370 Allen Falls Apt. 062
Port Ashleeside, TX 19323",N,miles
813,William Noble,450-39-6582,"7360 Heidi Brook
North Justinbury, NJ 58537",N,miles
814,Marie Davis,716-03-1680,"1577 Wolf Greens
Yatesport, NM 80709",N,hours
815,Kyle Jones,515-31-7666,"226 Thomas Freeway Apt. 951
Nicholsonside, MO 07098",Y,miles
816,Cassandra Peterson,486-04-7857,"11655 Lisa Corners Apt. 396
Thomasshire, OR 24583",N,miles
817,Eric Castaneda,675-87-3641,"1182 Boyer Trail Suite 470
Cruzmouth, AK 98292",Y,hours
818,Paula Jennings,538-16-9226,"060 Mark Locks
New Brittany, MP 59528",N,miles
819,Brenda Finley,825-03-2810,"USS Marshall
FPO AE 34840",Y,miles
820,John Johnson,482-05-0921,"649 Kathleen Highway
Jenniferchester, AK 00652",Y,hours
821,Hayden Mitchell,343-15-6362,"Unit 6438 Box 1872
DPO AE 66823",N,miles
822,Frank Solis,653-59-1995,"Unit 7095 Box 4499
DPO AA 48049",N,miles
823,Kathleen Paul,546-46-2847,"8856 Shelley Center Suite 837
East Ashleyland, OR 62249",N,miles
824,Shannon Shaw,885-32-8411,"714 Best Gateway
Jonathanburgh, AK 98194",Y,hours
825,Tony Duncan MD,889-03-9467,"14647 Mejia Trail
Murphychester, AS 50426",N,miles
826,Diane Gutierrez,362-88-7261,"8634 Tracy Plain Suite 620
East Evanfort, MT 57201",Y,hours
827,Rebecca Harrell,831-74-3288,"7436 Smith Mountains
West Patrickland, OK 55289",Y,hours
828,Gerald Davis,585-89-2516,"118 Davis Light Apt. 461
Ryanton, ID 90624",N,hours
829,Theresa Dixon,143-45-9206,"34576 Sydney Throughway Suite 862
South Stanley, SD 63462",Y,miles
830,Timothy Mclean PhD,789-75-2161,"06329 Irwin Islands
Lake Alec, NY 39408",Y,hours
831,Jason Rodriguez,440-55-9344,"80810 Sandra Inlet
West Josephhaven, MS 91592",N,hours
832,Roberta Stevens,171-58-6635,"208 Brewer Valley Apt. 185
Leechester, CT 55274",Y,hours
833,Nathaniel Robinson,870-06-2068,"8605 Julia Shoals Apt. 254
Thomasfort, WI 08579",N,miles
834,Brett Bolton,099-09-7238,"2442 Jonathan Forest Apt. 989
South Richard, AL 38944",Y,miles
835,Brittney Ortiz,528-06-3062,"Unit 2029 Box 8729
DPO AA 05243",N,miles
836,Linda Gordon,606-11-4206,"2479 Ball Center Suite 530
West Steven, OR 86142",Y,miles
837,Brian Medina,862-29-9697,"2196 Clark Unions Apt. 912
North Brianmouth, VT 43310",N,hours
838,Jason Mercado,672-55-5533,"862 Sullivan Falls Apt. 485
Port Scott, SD 60205",Y,hours
839,Thomas Bishop,880-90-9989,"566 Smith Circle Apt. 808
North Jasonville, SD 15011",N,hours
840,John Tucker,206-67-3892,"76230 Ramirez Vista
New Amanda, AR 64199",N,hours
841,Melanie Griffith,266-44-3971,"735 Matthew Keys
East Stephanie, AK 41256",Y,hours
842,Patricia Rodgers,109-37-4675,"5350 Kelley Island
Saundersville, PA 58515",Y,hours
843,Craig Meyer,143-01-5103,"78443 Joseph Haven
Bakertown, DC 37597",N,hours
844,Michael White,565-05-6476,"43955 Hughes Union Apt. 554
New Evelyn, AR 85718",N,miles
845,Robin Smith,598-73-0134,"326 Ellis Ways
East Randall, NC 79612",Y,miles
846,Natalie Richardson,035-58-3536,"56130 Lee Meadow
West Debbie, GA 10928",Y,miles
847,Austin Reed,411-63-3474,"1673 Don Islands
Thomasfort, VT 12426",N,hours
848,Timothy Reed,875-83-6034,"73954 Michael Station
Jackberg, NY 85258",N,miles
849,Elizabeth Foster,721-89-6219,"7033 Richard Junction
South Amanda, ND 65952",Y,hours
850,Mary Reynolds DVM,251-49-3241,"71194 Anderson Ranch Suite 970
Gregoryfurt, AS 17454",Y,miles
851,Wendy Burton,421-05-8060,"72368 Ferguson River Suite 627
South Robert, LA 44288",Y,hours
852,Holly Le,754-19-8698,"8633 Katie Creek
New Donald, ME 29361",N,hours
853,Chloe Johnson,089-48-3009,"723 William Stravenue Suite 507
North Tylerland, SC 73182",N,miles
854,Stephanie Simmons,210-90-6278,"44640 Martinez Key
Lake Ryanmouth, NC 31742",Y,miles
855,Heather Anderson,677-39-2410,"90885 Bentley Junctions Suite 449
Griffinbury, AK 04830",N,miles
856,Shannon Byrd,685-72-7062,"7384 Torres Loaf
South Karen, HI 44431",N,hours
857,Stephanie Tucker,108-69-7788,"704 Brandi Turnpike Apt. 107
Lake Danielburgh, AL 44937",N,hours
858,Stacey Singh,736-68-3614,"4834 Booth Court
East Robert, CO 59403",N,miles
859,Brian Archer,347-44-9076,"8091 Lee Mission Suite 441
New Debra, PR 97105",N,hours
860,Lindsey Swanson,402-08-2158,"3245 White Groves
Jeffreyside, MP 83896",Y,hours
861,Michael Higgins,061-31-5584,"286 Arias Way Suite 225
Lake Matthewtown, RI 40519",N,hours
862,Kevin Henry,061-25-5575,"542 Henry Inlet
North Leslie, PR 09081",Y,miles
863,Dominique Patel,669-48-7116,"45454 Trevino Plaza Suite 971
Jamesshire, WA 08625",Y,hours
864,Jason Erickson,382-55-3052,"865 Franklin Turnpike
Cruzmouth, MS 87413",Y,miles
865,Kathleen Craig,667-51-9613,"USNS Thompson
FPO AA 13039",N,hours
866,Sean Wade,769-03-9467,"282 Miller Mill
Wyattport, SC 99239",N,miles
867,Amber Hays,094-75-8372,"13176 Kayla Road Apt. 853
Wrightville, WV 10584",N,hours
868,Cathy Merritt,494-82-3557,"4661 Derek Crossroad
East Rebecca, WV 33840",N,miles
869,Matthew West,645-13-5229,"0481 Green Road
Jonathanmouth, ID 90106",Y,hours
870,Erin Jackson,276-43-1099,"91902 Robert Oval
East Kimberly, ND 89782",N,hours
871,Michael Page,636-21-7635,"83540 Farmer Islands
Lake Michaela, VI 25004",N,hours
872,Mr. Alexander Davis Jr.,755-92-1987,"091 Joan Wall
Reillymouth, NV 18503",N,miles
873,Diana Torres,094-09-9859,"69107 Rachel Groves
Angelafort, GA 69179",Y,hours
874,Michael Hayes,218-99-2477,"06170 Sandra Pass
Lake Maria, IL 87547",N,miles
875,Jacob Tucker,573-84-4414,"PSC 0902, Box 7751
APO AP 70413",Y,hours
876,Christina Griffin,574-63-8670,"349 Michael Burgs Apt. 357
Tracymouth, OR 16477",N,miles
877,Daniel Chandler,437-73-3910,"846 Darrell Prairie
New Shariberg, ID 26320",Y,hours
878,Kelly King,470-90-5454,"182 Pamela Groves
East Tammy, MH 83894",Y,miles
879,Alisha Thomas,121-58-3084,"839 Jones Neck Suite 804
North James, ND 15211",Y,miles
880,Bradley Ward,330-82-3860,"Unit 2439 Box 7862
DPO AP 09666",N,miles
881,Alexis Patel,342-69-6795,"61465 Mitchell Ways
Patriciashire, PA 07040",Y,miles
882,Thomas Pope,438-51-2115,"988 Weber Trafficway Apt. 574
Cohenborough, SD 14342",N,hours
883,Miss Whitney Ellis DVM,156-72-2217,"71801 Jessica Islands
New Mike, ID 81276",Y,hours
884,Michelle Russell,192-29-1749,"53000 Maria Gateway Apt. 273
New John, PR 87277",Y,hours
885,Thomas Andersen,511-71-8508,"Unit 7361 Box 6431
DPO AP 28601",Y,hours
886,Adam Forbes,864-41-0275,"Unit 0284 Box 9288
DPO AE 16336",Y,miles
887,Loretta Smith,353-78-9569,"415 Garcia Lights
South Peter, AL 33701",Y,miles
888,William Jackson,444-99-9478,"Unit 1226 Box 4001
DPO AA 30458",Y,miles
889,Sarah Hudson,348-62-8468,"PSC 2690, Box 0232
APO AP 58692",Y,hours
890,Stacey Garcia,517-21-0636,"583 Johnson Road
Aliciastad, MO 28363",N,miles
891,Jason King,388-03-4365,"USCGC Nelson
FPO AA 69207",N,hours
892,Jeffery Woodward,236-13-3109,"7126 Hall Land
West Nicole, AL 98418",Y,miles
893,Joel Mclaughlin,435-88-8734,"659 Rachel Key Apt. 367
Michaelborough, NC 41855",Y,hours
894,Jennifer Allen,580-92-2008,"86695 Black Fort
South Brianburgh, CO 65468",Y,hours
895,Zachary Monroe,072-84-1828,"74249 Luna Rest
Gregoryshire, OR 26443",Y,hours
896,Sarah Nichols,777-50-8022,"20940 Kevin Walks
South Melissaland, MT 29157",Y,miles
897,Richard Murphy,679-48-5581,"32921 Savage Villages Apt. 907
New Heather, LA 65255",N,hours
898,Jill Guerrero,423-80-3136,"PSC 2149, Box 0612
APO AP 33893",N,hours
899,Ashley Allison,299-93-1817,"PSC 7652, Box 7020
APO AE 94315",N,hours
900,Justin Goodwin,417-17-4682,"07261 Shelton Squares Apt. 077
Brittneyfurt, LA 55004",Y,hours
901,Kathryn Morris,067-05-5140,"35373 Berry Forest Apt. 982
West Heatherborough, WA 90036",Y,hours
902,Kelly Watson,538-10-3862,"5053 Levy Ford Suite 380
Port Rebeccafurt, SC 98924",N,hours
903,Mercedes Brown,547-49-1770,"194 Atkinson Overpass Apt. 919
South Karla, FM 06639",Y,miles
904,Amanda Lara,860-01-7026,"272 Daniel Points Suite 548
Mariofort, OK 11101",N,miles
905,Jason West,257-87-9853,"03810 Soto Summit
Lake Jamesview, AL 94283",N,miles
906,Lisa Tyler,291-74-6494,"8094 Garner Village Suite 909
Heatherview, DE 99007",Y,hours
907,Matthew Bennett,671-42-1814,"167 Colton Hollow Apt. 948
Aaronton, CA 77790",Y,miles
908,Gina Burnett,414-98-5657,"933 Renee Stravenue Apt. 595
Haroldtown, IL 61108",N,miles
909,Robin Jefferson,811-10-9343,"78297 Carrillo Freeway Apt. 833
Seanville, VT 46325",Y,miles
910,William Carter,287-81-6066,"0086 Warner Crossing
Simmonsburgh, ID 22118",Y,miles
911,Cheryl Vasquez,482-02-9206,"42490 Perez Isle Apt. 401
Port Robert, CT 45290",Y,hours
912,Sara Walton,283-41-4062,"Unit 1308 Box 0722
DPO AP 46488",N,miles
913,Jennifer Garza,758-17-9412,"95184 Moore Courts Suite 583
Port Brittanyville, GA 83228",Y,hours
914,Lauren Dougherty,435-05-8654,"USS Cox
FPO AA 19328",Y,hours
915,Monica Hunt,837-64-2449,"USNS Glover
FPO AE 11019",Y,miles
916,Jason Chapman,664-78-5563,"USNV Henderson
FPO AP 87201",Y,hours
917,Edgar Smith,853-70-1335,"17203 Skinner Corners Suite 358
Merritttown, TN 90249",Y,hours
918,Cheryl Douglas,007-08-7569,"3322 Patrick Prairie
Williamfort, WY 06729",N,hours
919,Karen Newman,788-46-6820,"4258 Madeline Hollow Apt. 208
New Jessicabury, MI 58947",Y,hours
920,Sandra Knox,385-99-7398,"507 Rebecca Springs
Seanborough, DC 22166",N,miles
921,Spencer Kemp,641-81-2821,"USCGC Ray
FPO AE 57717",Y,hours
922,Kara Pham,623-25-6367,"0225 Burton Well Suite 146
South Angel, RI 07900",N,hours
923,Richard Adams,054-30-6804,"7855 Kristin Ports Apt. 712
Christophertown, LA 02009",Y,miles
924,Leslie Medina,475-52-7443,"849 Ian Light Apt. 828
West Geraldview, DE 52363",Y,hours
925,James Adams,455-33-2966,"743 Jason Viaduct
Petersenberg, IL 06798",Y,miles
926,Madeline Simpson,804-52-8249,"55809 Martinez Tunnel
Hayesview, DC 54099",Y,hours
927,Sean Hicks,330-86-3189,"0876 Hunter Tunnel
Port Matthewhaven, ME 76255",Y,hours
928,Timothy Johnson,606-97-8558,"711 James Vista Apt. 838
South Jameschester, MN 31706",Y,hours
929,Andrew Guerrero,110-43-8928,"212 Natalie Groves
Martinezfurt, HI 54724",Y,miles
930,Donald Griffin,649-54-2115,"999 Alexis Ridge
North Mackenziechester, PR 09739",Y,hours
931,Louis Daniels,079-73-4210,"4508 Nelson Road Suite 681
West Jerry, AZ 17152",N,hours
932,Kyle Greene,713-96-3131,"83914 Beverly Bypass
Odonnellside, VA 03670",Y,hours
933,Christine Moore,853-37-3136,"60699 Karen Club
Carpenterview, WI 87753",N,miles
934,Douglas Miller,310-08-0748,"19463 Heather Villages Apt. 799
Crystalland, OR 67757",Y,hours
935,Teresa Silva,192-11-1069,"558 Fuller Knolls
New Maryville, FL 43044",N,miles
936,Angela Montgomery,352-46-9483,"USNV Bryant
FPO AP 94334",N,miles
937,Daniel Bryant,772-60-1908,"732 Daniel Drive
Webbfurt, AK 62031",N,hours
938,William Randolph,147-69-0796,"4474 Henry Shore
West Zacharyside, MD 04642",N,miles
939,Anna Lewis,715-96-1865,"7159 Edwards Wells Apt. 805
North Sally, DC 82031",Y,hours
940,Richard Wilson,636-71-3641,"0271 Nicholas Radial Apt. 109
East Sherry, SC 71323",N,hours
941,Makayla Johnson,044-80-4793,"42950 Hayes Locks Apt. 977
Lisaburgh, CO 10143",Y,hours
942,Danielle Chambers,896-27-0606,"953 Berg Points
Dunnhaven, NH 86594",N,hours
943,Matthew Castillo,489-24-9504,"273 Joshua Extension
West Melinda, TN 10994",Y,miles
944,Gregory Dominguez,759-52-0377,"98340 Matthew Spring
North Jennifer, AZ 03142",Y,miles
945,Patricia Singh,187-97-7371,"106 Rivera Roads
Boydstad, AZ 35968",Y,hours
946,Erica Anderson,780-92-6326,"5511 Ponce Pines Apt. 389
Jessicaville, MO 17569",N,miles
947,Jake Clark,881-88-4499,"64990 Christine Inlet
Perezview, NJ 50773",N,miles
948,Andrew Walter,707-19-2903,"45458 Kayla Field Apt. 610
Lake Markburgh, ID 56130",Y,hours
949,Jake Cox,321-41-6321,"1962 Christopher Mill
New Wayneton, SD 58042",Y,hours
950,Heather Freeman,057-07-0223,"981 Robert Inlet Apt. 802
Port Jeffreyside, FM 52655",Y,hours
951,Kristina Wallace,015-67-4143,"62265 Martin Overpass
South Cassieside, OK 94195",N,hours
952,Nicholas Spears,432-21-3390,"305 Robert Field Suite 820
Port Katherine, MN 17736",N,miles
953,Emily Hernandez,505-19-1388,"878 Cochran Center Apt. 527
East Jaystad, WV 09180",Y,miles
954,Scott Gillespie,796-16-9200,"USNS Powell
FPO AA 31200",Y,miles
955,Matthew Vega,104-45-1545,"36227 Jones Shores Apt. 006
Torresmouth, MA 50944",Y,hours
956,April Bauer,091-27-1993,"Unit 8261 Box 2933
DPO AA 19675",Y,hours
957,Eric Vang,452-46-7434,"2488 Sanchez Island
Katrinaton, NH 58812",Y,miles
958,Claudia Mcclain,667-56-2055,"0610 Long Fields
Lake Sherimouth, KS 23643",N,miles
959,Frederick Collins,357-38-5596,"59409 Marcus Summit
North Loriview, ND 98133",N,hours
960,Peter Castro,114-23-8930,"03978 Ortega Camp
East Ashlee, CA 07534",N,hours
961,Charlene Rhodes,476-77-1821,"832 Lisa Point Apt. 989
Nicoleborough, WY 93311",N,miles
962,Kenneth Sanders,396-12-5104,"8792 Gonzalez Greens Apt. 317
Nicoleville, ND 25796",Y,hours
963,Jeffrey Long,336-32-2203,"1673 Morgan Isle Suite 044
North Allen, HI 24541",N,miles
964,Terry Stokes,061-83-8578,"9356 Joseph Lake Apt. 415
Wolfestad, AS 84399",Y,hours
965,Bryan Brown,667-99-0965,"76389 Rogers Garden
New Faithville, HI 36897",Y,hours
966,Laura Carter,810-20-5619,"PSC 9983, Box 6042
APO AP 22808",N,hours
967,Mr. Marc Ramirez,776-76-4720,"8176 Hall Crest Apt. 471
Lake Leslie, IA 81111",Y,miles
968,Cindy Gonzalez,848-83-9591,"642 Rice Walk Suite 497
Davidshire, MT 45196",Y,miles
969,Daniel Perkins,619-35-0992,"44863 Leon Tunnel Apt. 082
Joanneberg, LA 71225",N,hours
970,Dr. Kelsey Harvey,394-79-7524,"18781 Kelly Shores
Edwardsville, VT 76699",Y,miles
971,Raven Knight MD,622-63-8384,"344 Rodriguez Camp Suite 880
Robinsonberg, NH 79428",Y,hours
972,William Taylor,416-25-0595,"9482 Wagner Springs
East Russelltown, WI 49529",Y,hours
973,Judy Shelton,746-71-6468,"366 Todd Extension Suite 471
Port Kimberly, ND 80408",Y,miles
974,Janet Wilkerson,411-17-2773,"4072 Mary Ridges
South Kimberlybury, ND 30068",N,hours
975,Caroline Hutchinson,286-38-0111,"8728 Jones Parks Apt. 296
South Samantha, WY 86738",N,hours
976,Paul Ruiz,056-51-3587,"4370 Penny Squares Apt. 491
Jamesfurt, KY 65485",Y,miles
977,Kent Grimes,493-21-8671,"5671 Richards Spring Apt. 148
North Hannah, MN 26513",Y,hours
978,Lindsey White,350-16-2530,"8700 Eric Street Suite 803
Duaneborough, SD 08358",N,hours
979,Mark Smith,391-47-6445,"4929 Jordan Spring Apt. 178
Lake Troyfort, MH 33967",N,hours
980,Douglas Mueller,819-30-3174,"1220 Mary Crest Apt. 362
Carrieborough, OH 29350",Y,miles
981,Vanessa Swanson,213-31-6448,"8975 Carey Station Apt. 655
Patelton, IA 55405",N,miles
982,Stephanie Colon,781-21-3867,"9147 Robert Garden
East Kevin, MS 85837",N,miles
983,Ryan Erickson,603-42-6546,"401 Lauren Prairie Apt. 141
Meganton, WA 20378",N,miles
984,Brett Bradley,010-77-8212,"5011 Stevens Field Suite 832
Figueroaport, CA 36937",Y,hours
985,Michael Lamb,265-34-2381,"98753 Erica Place Apt. 454
Toddmouth, VA 33237",Y,hours
986,Kenneth Taylor,115-39-1407,"739 Lopez Trail Apt. 815
Sherriville, PR 88903",N,hours
987,Nicole Simmons,166-05-9414,"9036 Cody Village Suite 337
Mathisview, VA 95497",Y,miles
988,Christine Phillips,221-70-3190,"03178 Christian Turnpike Apt. 210
Lake Carolyn, KY 21875",N,hours
989,Dawn Cline,104-80-0578,"574 Jones Walk Apt. 266
South Kennethland, MS 99034",Y,hours
990,Teresa Douglas,121-52-6101,"Unit 8624 Box 2029
DPO AP 18198",Y,hours
991,Tracey Huang,211-97-1046,"91813 Huff Corners
East Edward, MT 84344",N,hours
992,Heather Rice,885-46-5276,"53951 Stanley Stravenue
Lake Michael, NJ 45893",Y,hours
993,Antonio Diaz,339-95-7562,"082 Walter Station Apt. 304
New Shannon, IL 66289",N,miles
994,Jaime Harris,058-37-7226,"7051 Christian Crossroad
Port Michaelfort, CT 18435",Y,miles
995,Dennis Russell,347-72-4228,"59026 Johnson Shoal
Newtonton, MD 57163",Y,hours
996,Robert Jacobson,722-82-8043,"2631 Brooks Groves Suite 110
Maldonadofurt, MD 17592",Y,hours
997,Lauren Dixon,663-42-0960,"07192 Long Rue Suite 223
Lake Michael, LA 24633",N,hours
998,Elizabeth Hill,192-99-9204,"6513 Cunningham Common Suite 439
New Brandy, NC 56846",Y,hours
999,Timothy Woods,626-19-3018,"01864 Patrick Mission Suite 384
Port Matthewmouth, MD 84762",Y,miles
1000,Stephanie Boone,017-84-8272,"00653 Cox Canyon Apt. 356
New Kellystad, AZ 83077",Y,hours
1001,Michael Casey,062-69-9378,"Unit 5593 Box 4528
DPO AE 21733",Y,miles
1002,Bradley Donovan,730-25-8063,"125 Peters Burg
Lake Adam, KS 59127",N,miles
1003,Susan Rodriguez,616-11-3113,"962 Christopher Mission Suite 523
Melissaborough, CO 63992",N,miles
1004,Daniel Harris,107-11-1415,"43293 Kelly Spring Suite 506
Jasonburgh, TX 15739",Y,miles
1005,David Harris,503-75-9677,"682 Danielle Shoal Suite 608
Zimmermanborough, VI 39565",N,hours
1006,Daniel Miller,357-63-3569,"17725 John Bridge Apt. 473
Triciachester, RI 95242",N,hours
1007,Anthony Barrett,732-52-7323,"PSC 2650, Box 4814
APO AA 71039",Y,hours
1008,Amy Nguyen,232-05-6874,"386 Morgan Gateway
Brittanystad, UT 99499",N,miles
1009,James Wallace,323-19-2321,"386 Johnson Street Suite 811
Lake Christopherport, GA 50778",Y,miles
